time,latitude,longitude,depth,mag,magType,gap,dmin,rms,net,id,updated,place,type,horizontalError,depthError,magError,magNst,status,locationSource,magSource
2021-12-02 02:26:57.631000+00:00,50.9884,179.6145,10.0,5.3,mww,49.0,0.9129999999999999,0.8,us,us6000g8cc,2021-12-02 02:44:42.439000+00:00,"278 km WSW of Adak, Alaska",earthquake,6.4,1.9,0.06,27.0,reviewed,us,us
2021-12-02 02:03:33.070000+00:00,19.501167300000002,-155.6591644,2.789999962,3.18,ml,55.0,,0.21999999899999997,hv,hv72819152,2021-12-02 02:40:58.338000+00:00,"22 km ENE of Honaunau-Napoopoo, Hawaii",earthquake,0.4,0.550000012,3.41,36.0,automatic,hv,hv
2021-12-02 01:04:11.579000+00:00,60.0464,-141.5958,3.8,3.1,ml,,,0.81,ak,ak021ffp6x9q,2021-12-02 01:17:39.055000+00:00,"118 km WNW of Yakutat, Alaska",earthquake,,0.2,,,automatic,ak,ak
2021-12-02 00:47:12.770000+00:00,19.20266724,-155.3966675,31.89999962,2.67000008,md,172.0,,0.09000000400000001,hv,hv72819057,2021-12-02 00:50:25.360000+00:00,"8 km E of P?hala, Hawaii",earthquake,0.7,0.860000014,0.910000026,5.0,automatic,hv,hv
2021-12-01 23:55:08.176000+00:00,54.9852,-157.5245,15.5,3.8,ml,,,0.63,ak,ak021fef219j,2021-12-02 00:50:54.392000+00:00,"145 km SE of Perryville, Alaska",earthquake,,1.0,,,reviewed,ak,ak
2021-12-01 22:30:46.035000+00:00,12.5946,-89.4101,10.0,4.7,mb,170.0,1.053,0.9,us,us6000g8aj,2021-12-02 02:15:21.040000+00:00,"99 km S of La Libertad, El Salvador",earthquake,7.3,2.0,0.078,50.0,reviewed,us,us
2021-12-01 22:08:02.280000+00:00,17.9903,-66.765,14.0,2.91,md,166.0,0.1152,0.23,pr,pr2021335004,2021-12-01 23:55:46.695000+00:00,"3 km S of Magas Arriba, Puerto Rico",earthquake,0.55,0.64,0.21,9.0,reviewed,pr,pr
2021-12-01 20:20:29.264000+00:00,-60.0125,-24.0763,10.0,4.9,mb,192.0,8.85,0.61,us,us6000g89s,2021-12-01 20:36:28.040000+00:00,,earthquake,16.1,2.0,0.094,35.0,reviewed,us,us
2021-12-01 18:25:41.673000+00:00,-19.2616,-69.2241,118.48,4.7,mwr,82.0,0.405,0.92,us,us6000g895,2021-12-01 21:35:52.173000+00:00,"142 km SE of Arica, Chile",earthquake,5.9,1.4,,,reviewed,us,guc
2021-12-01 17:23:01.894000+00:00,-10.3692,161.3168,40.06,5.3,mww,18.0,1.635,0.94,us,us6000g88z,2021-12-01 19:09:36.040000+00:00,"66 km W of Kirakira, Solomon Islands",earthquake,7.8,4.6,0.083,14.0,reviewed,us,us
2021-12-01 16:58:38.264000+00:00,36.2037,140.0476,68.06,5.0,mww,106.0,1.521,0.67,us,us6000g88v,2021-12-02 02:18:04.522000+00:00,"4 km W of Tsukuba, Japan",earthquake,6.9,6.1,0.09300000000000001,11.0,reviewed,us,us
2021-12-01 15:24:12.586000+00:00,61.2677,-139.0179,0.2,2.9,ml,,,1.23,ak,ak021fea3xrq,2021-12-01 15:33:37.871000+00:00,"Southern Yukon Territory, Canada",earthquake,,1.0,,,automatic,ak,ak
2021-12-01 14:31:36.768000+00:00,40.314,140.86,7.72,4.5,mb,126.0,0.499,1.59,us,us6000g874,2021-12-01 16:45:43.040000+00:00,"15 km NNE of Hanawa, Japan",earthquake,5.7,4.8,0.204,7.0,reviewed,us,us
2021-12-01 12:50:37.420000+00:00,19.2218,-67.74600000000001,31.0,3.34,md,256.0,0.8788,0.47,pr,pr2021335003,2021-12-01 13:28:35.927000+00:00,"99 km NE of Punta Cana, Dominican Republic",earthquake,2.45,23.49,0.08,11.0,reviewed,pr,pr
2021-12-01 11:30:11.454000+00:00,31.0599,142.4848,10.0,4.5,mb,136.0,3.056,1.0,us,us6000g86m,2021-12-01 12:17:12.040000+00:00,"Izu Islands, Japan region",earthquake,8.3,1.9,0.127,18.0,reviewed,us,us
2021-12-01 10:22:33.338000+00:00,35.2198,141.4438,10.0,4.8,mb,135.0,2.496,0.9,us,us6000g85y,2021-12-01 10:40:02.040000+00:00,"79 km SE of Hasaki, Japan",earthquake,3.8,1.9,0.121,21.0,reviewed,us,us
2021-12-01 09:49:15.760000+00:00,31.2648,142.4128,10.0,4.8,mb,92.0,2.873,0.45,us,us6000g85x,2021-12-01 10:30:23.040000+00:00,"Izu Islands, Japan region",earthquake,9.9,1.9,0.061,82.0,reviewed,us,us
2021-12-01 09:18:09.221000+00:00,-7.4316,128.3818,124.49,4.3,mb,82.0,2.9419999999999997,0.55,us,us6000g85t,2021-12-01 10:13:49.040000+00:00,"194 km NE of Lospalos, Timor Leste",earthquake,8.1,5.8,0.113,22.0,reviewed,us,us
2021-12-01 08:56:17.322000+00:00,31.997,-103.8535,5.0,2.8,ml,45.0,0.165,0.31,us,us6000g85p,2021-12-01 21:27:46.182000+00:00,"32 km SE of Malaga, New Mexico",earthquake,1.4,1.9,0.077,22.0,reviewed,us,us
2021-12-01 08:46:18.499000+00:00,-23.5083,-66.9942,224.78,4.4,mb,105.0,1.222,0.63,us,us6000g85l,2021-12-01 09:20:55.040000+00:00,"104 km NW of San Antonio de los Cobres, Argentina",earthquake,10.3,9.3,0.24,5.0,reviewed,us,us
2021-12-01 08:40:48.535000+00:00,31.151,142.4393,10.0,4.9,mb,93.0,2.965,0.96,us,us6000g85m,2021-12-01 08:58:49.040000+00:00,"Izu Islands, Japan region",earthquake,9.8,1.9,0.043,170.0,reviewed,us,us
2021-12-01 08:21:17.156000+00:00,12.7235,-88.7959,50.25,4.4,mb,154.0,0.872,1.09,us,us6000g85g,2021-12-01 08:34:14.040000+00:00,"67 km SSW of Puerto El Triunfo, El Salvador",earthquake,3.6,9.3,0.049,122.0,reviewed,us,us
2021-12-01 08:16:37.040000+00:00,35.9526667,-89.9236667,11.22,2.64,md,41.0,0.037939999999999995,0.11,nm,nm60364612,2021-12-02 02:03:39.054000+00:00,"2 km N of Blytheville, Arkansas",earthquake,0.18,0.31,0.078,52.0,reviewed,nm,nm
2021-12-01 07:55:42.341000+00:00,31.6615,-104.3893,6.9,3.1,ml,62.0,0.095,0.36,us,us6000g85a,2021-12-01 08:09:39.040000+00:00,"57 km S of Whites City, New Mexico",earthquake,0.9,3.4,0.048,56.0,reviewed,us,us
2021-12-01 06:59:01.430000+00:00,18.024,-66.7716,14.0,2.54,md,74.0,0.1182,0.19,pr,pr2021335002,2021-12-01 07:18:26.689000+00:00,"0 km NNW of Magas Arriba, Puerto Rico",earthquake,0.29,0.41,0.21,10.0,reviewed,pr,pr
2021-12-01 06:30:08.488000+00:00,-23.9685,-67.2354,230.48,4.1,mb,92.0,1.3319999999999999,0.72,us,us6000g84l,2021-12-01 12:06:17.040000+00:00,"97 km WNW of San Antonio de los Cobres, Argentina",earthquake,11.7,12.4,0.301,5.0,reviewed,us,us
2021-12-01 06:04:53.754000+00:00,35.2214,141.3954,10.0,4.9,mb,121.0,2.476,0.95,us,us6000g83u,2021-12-01 11:10:52.077000+00:00,"76 km SE of Hasaki, Japan",earthquake,5.3,1.9,0.05,128.0,reviewed,us,us
2021-12-01 05:08:38.311000+00:00,35.2588,141.3482,39.67,4.5,mb,100.0,2.487,0.77,us,us6000g83b,2021-12-01 09:43:43.040000+00:00,"70 km SE of Hasaki, Japan",earthquake,6.7,7.9,0.136,16.0,reviewed,us,us
2021-12-01 04:49:10.178000+00:00,-37.9149,-73.6928,15.94,4.5,mb,153.0,1.2309999999999999,0.52,us,us6000g837,2021-12-01 23:03:09.040000+00:00,"28 km WSW of Cañete, Chile",earthquake,5.8,4.2,0.136,16.0,reviewed,us,us
2021-12-01 04:39:24.903000+00:00,-37.9268,-73.6241,15.18,5.1,mww,68.0,1.226,0.61,us,us6000g836,2021-12-01 23:35:22.039000+00:00,"Near the coast of Bio-Bio, Chile",earthquake,5.3,2.8,0.047,43.0,reviewed,us,us
2021-12-01 04:09:18.467000+00:00,35.1775,141.3611,35.0,4.6,mb,134.0,2.424,0.62,us,us6000g835,2021-12-01 23:52:01.040000+00:00,"78 km SE of Hasaki, Japan",earthquake,7.6,2.0,0.087,40.0,reviewed,us,us
2021-12-01 03:46:11.518000+00:00,38.7192,70.2525,10.0,4.6,mb,49.0,1.406,0.88,us,us6000g832,2021-12-01 23:44:30.040000+00:00,"29 km ESE of Darband, Tajikistan",earthquake,4.9,1.9,0.083,44.0,reviewed,us,us
2021-12-01 03:30:13.360000+00:00,38.7928352,-122.7304993,1.93,2.55,md,47.0,0.01075,0.06,nc,nc73658306,2021-12-01 12:40:42.763000+00:00,"3km NE of The Geysers, CA",earthquake,0.14,0.26,0.18,37.0,automatic,nc,nc
2021-12-01 03:25:16.312000+00:00,56.312,-156.6507,35.5,3.1,ml,,,0.51,ak,ak021fe2yyce,2021-12-01 21:55:51.040000+00:00,"108 km E of Chignik, Alaska",earthquake,,7.0,,,automatic,ak,ak
2021-12-01 02:21:42.667000+00:00,-22.8301,-63.8273,545.0,4.2,mb,58.0,5.212000000000001,0.52,us,us6000g82m,2021-12-01 02:36:34.040000+00:00,"25 km S of General Mosconi, Argentina",earthquake,11.2,17.4,0.187,8.0,reviewed,us,us
2021-12-01 02:20:07.970000+00:00,17.9615,-66.7826,18.0,2.79,md,183.0,0.0975,0.1,pr,pr2021335000,2021-12-01 03:39:45.102000+00:00,"5 km SE of Indios, Puerto Rico",earthquake,0.52,0.4,0.23,8.0,reviewed,pr,pr
2021-12-01 01:42:58.711000+00:00,67.6747,-161.6608,24.16,2.9,ml,97.0,0.607,0.44,us,us6000g82k,2021-12-01 02:19:00.040000+00:00,"56 km E of Noatak, Alaska",earthquake,6.2,6.4,0.06,36.0,reviewed,us,us
2021-12-01 01:39:48.580000+00:00,35.6755,-117.52416670000001,9.49,2.78,ml,69.0,0.1022,0.11,ci,ci39875151,2021-12-01 16:47:52.217000+00:00,"15km SW of Searles Valley, CA",earthquake,0.14,0.37,0.182,25.0,reviewed,ci,ci
2021-12-01 01:38:16.371000+00:00,-29.6435,-176.8696,22.5,4.7,mb,92.0,0.992,0.86,us,us6000g82i,2021-12-01 01:59:17.040000+00:00,Kermadec Islands region,earthquake,6.1,6.7,0.12300000000000001,20.0,reviewed,us,us
2021-12-01 01:23:41.210000+00:00,35.676333299999996,-117.5245,9.12,3.19,ml,69.0,0.10300000000000001,0.13,ci,ci39875135,2021-12-01 21:11:58.206000+00:00,"15km SW of Searles Valley, CA",earthquake,0.13,0.34,0.136,269.0,reviewed,ci,ci
2021-11-30 23:30:07.680000+00:00,35.1573,141.6064,10.0,4.6,mb,178.0,2.521,0.61,us,us6000g81t,2021-11-30 23:53:29.040000+00:00,"94 km SE of Hasaki, Japan",earthquake,8.1,1.9,0.11599999999999999,22.0,reviewed,us,us
2021-11-30 23:17:45.065000+00:00,22.9471,121.7076,4.8,4.6,mb,100.0,0.5820000000000001,0.65,us,us6000g81m,2021-12-01 01:18:33.040000+00:00,Taiwan region,earthquake,5.5,4.9,0.077,50.0,reviewed,us,us
2021-11-30 22:38:23.920000+00:00,17.937,-66.8553,10.0,2.88,md,194.0,0.045,0.21,pr,pr2021334009,2021-11-30 22:51:15.947000+00:00,"5 km SE of Maria Antonia, Puerto Rico",earthquake,0.57,0.53,0.24,9.0,reviewed,pr,pr
2021-11-30 22:20:53.903000+00:00,27.164,53.2649,10.0,4.3,mb,115.0,3.445,0.56,us,us6000g817,2021-12-01 00:00:58.040000+00:00,"57 km SE of Mohr, Iran",earthquake,9.2,1.9,0.102,27.0,reviewed,us,us
2021-11-30 21:39:35.164000+00:00,28.3881,104.969,10.0,4.7,mb,72.0,4.376,0.57,us,us6000g80u,2021-11-30 22:17:53.040000+00:00,"25 km ESE of Xunchang, China",earthquake,3.6,1.9,0.08,47.0,reviewed,us,us
2021-11-30 21:20:52.803000+00:00,31.67953464,-104.4051758,7.494091797,3.3,ml,69.0,0.082225578,0.2,tx,tx2021xmau,2021-11-30 21:53:42.756000+00:00,"55 km S of Whites City, New Mexico",earthquake,1.172534204,1.718476605,0.2,12.0,reviewed,tx,tx
2021-11-30 21:14:40.880000+00:00,17.9833,-67.0006,8.0,2.9,md,150.0,0.0458,0.24,pr,pr2021334008,2021-11-30 21:29:02.731000+00:00,"4 km E of La Parguera, Puerto Rico",earthquake,0.46,0.78,0.28,18.0,reviewed,pr,pr
2021-11-30 21:06:36.966000+00:00,31.6566,-104.38,5.0,2.6,ml,62.0,0.10300000000000001,0.45,us,us6000g80b,2021-11-30 23:27:05.040000+00:00,"57 km S of Whites City, New Mexico",earthquake,1.1,1.9,0.069,58.0,reviewed,us,us
2021-11-30 20:49:11.306000+00:00,31.1432,142.5861,10.0,4.9,mb,93.0,3.065,0.89,us,us6000g807,2021-11-30 21:10:02.040000+00:00,"Izu Islands, Japan region",earthquake,9.6,1.9,0.046,156.0,reviewed,us,us
2021-11-30 20:38:47.017000+00:00,31.1819,142.3725,10.0,4.6,mb,96.0,6.087000000000001,0.49,us,us6000g80f,2021-11-30 21:19:04.040000+00:00,"Izu Islands, Japan region",earthquake,11.4,1.9,0.08,49.0,reviewed,us,us
2021-11-30 20:31:29.650000+00:00,17.9696,-66.7893,18.0,2.74,md,163.0,0.0901,0.17,pr,pr2021334007,2021-11-30 20:58:34.350000+00:00,Puerto Rico region,earthquake,0.49,0.54,0.3,8.0,reviewed,pr,pr
2021-11-30 20:09:36.020000+00:00,43.2559,-126.9213,10.0,3.0,ml,235.0,1.665,0.65,us,us6000g7zq,2021-11-30 22:46:34.040000+00:00,"204 km W of Langlois, Oregon",earthquake,9.2,2.0,0.038,89.0,reviewed,us,us
2021-11-30 19:37:34.756000+00:00,44.9932,-113.0791,9.37,3.3,ml,22.0,0.23199999999999998,0.68,us,us6000g7ze,2021-11-30 22:09:31.360000+00:00,"41 km NNE of Leadore, Idaho",earthquake,2.0,8.4,0.033,124.0,reviewed,us,us
2021-11-30 19:04:25.810000+00:00,17.9516,-66.9306,5.0,2.55,md,211.0,0.0565,0.11,pr,pr2021334006,2021-11-30 19:43:43.564000+00:00,"3 km SW of Guánica, Puerto Rico",earthquake,0.51,0.38,0.28,5.0,reviewed,pr,pr
2021-11-30 18:36:03.380000+00:00,18.93216667,-155.3385,44.27,2.89,md,242.0,,0.13,hv,hv72817797,2021-11-30 22:52:17.550000+00:00,"Hawaii region, Hawaii",earthquake,0.58,0.82,0.08432851,19.0,reviewed,hv,hv
2021-11-30 18:27:38.502000+00:00,31.1598,142.2631,10.0,5.0,mb,29.0,2.8489999999999998,0.83,us,us6000g7z5,2021-11-30 18:50:01.040000+00:00,"Izu Islands, Japan region",earthquake,7.6,1.7,0.040999999999999995,203.0,reviewed,us,us
2021-11-30 18:02:56.173000+00:00,36.472,70.7294,197.08,4.2,mb,73.0,0.6629999999999999,1.2,us,us6000g7yx,2021-11-30 18:57:49.040000+00:00,"44 km SSW of Jurm, Afghanistan",earthquake,4.9,5.1,0.1,31.0,reviewed,us,us
2021-11-30 17:52:19.760000+00:00,17.9951,-66.7335,11.0,3.29,md,144.0,0.1359,0.21,pr,pr2021334005,2021-12-01 03:44:51.752000+00:00,"1 km W of Tallaboa, Puerto Rico",earthquake,0.38,0.29,0.18,18.0,reviewed,pr,pr
2021-11-30 17:35:38.014000+00:00,13.7164,120.8572,137.92,4.6,mb,55.0,9.054,0.89,us,us6000g7xq,2021-11-30 23:18:23.004000+00:00,"3 km WNW of Bagalangit, Philippines",earthquake,10.2,6.7,0.059000000000000004,93.0,reviewed,us,us
2021-11-30 17:30:59.844000+00:00,62.4626,-148.877,35.0,3.3,ml,,,0.61,ak,ak021fcnsuak,2021-11-30 20:13:54.040000+00:00,"60 km ENE of Susitna North, Alaska",earthquake,,5.9,,,automatic,ak,ak
2021-11-30 17:08:03.465000+00:00,61.5148,-140.7256,3.29,2.5,ml,61.0,0.642,0.5,us,us6000g7xb,2021-11-30 19:28:07.040000+00:00,"117 km E of McCarthy, Alaska",earthquake,2.1,8.1,0.036000000000000004,102.0,reviewed,us,us
2021-11-30 16:50:02.950000+00:00,18.88583333,-155.22033330000002,6.17,2.77,ml,257.0,,0.16,hv,hv72817682,2021-11-30 22:03:07.040000+00:00,"42 km ESE of Naalehu, Hawaii",earthquake,0.4,0.44,0.20107833600000002,16.0,reviewed,hv,hv
2021-11-30 16:07:02.280000+00:00,37.1636658,-121.5575027,1.36,2.74,md,37.0,0.05508,0.1,nc,nc73660155,2021-12-01 16:01:51.260000+00:00,"9km ENE of Morgan Hill, CA",earthquake,0.19,0.69,0.12,70.0,automatic,nc,nc
2021-11-30 16:02:53.956000+00:00,36.2001,140.2328,71.56,4.9,mb,190.0,1.6680000000000001,0.49,us,us6000g7x3,2021-11-30 17:08:17.040000+00:00,"3 km WNW of Ishioka, Japan",earthquake,10.7,9.8,0.14,19.0,reviewed,us,us
2021-11-30 16:00:45.340000+00:00,17.9618,-67.01100000000001,10.0,3.02,md,185.0,0.0341,0.18,pr,pr2021334004,2021-11-30 16:55:33.040000+00:00,"4 km ESE of La Parguera, Puerto Rico",earthquake,0.51,0.38,0.15,15.0,reviewed,pr,pr
2021-11-30 15:55:36.507000+00:00,35.1816,141.5267,10.0,4.6,mb,138.0,2.503,0.57,us,us6000g7x1,2021-11-30 16:41:22.040000+00:00,"87 km SE of Hasaki, Japan",earthquake,7.8,1.9,0.126,23.0,reviewed,us,us
2021-11-30 15:41:11.295000+00:00,31.1773,142.2848,10.0,4.7,mb,92.0,2.85,0.36,us,us6000g7ww,2021-11-30 16:26:57.040000+00:00,"Izu Islands, Japan region",earthquake,9.6,1.9,0.063,80.0,reviewed,us,us
2021-11-30 15:03:31.570000+00:00,18.834,-155.19766669999998,9.73,3.49,ml,266.0,,0.17,hv,hv72817622,2021-12-01 15:04:59.166000+00:00,"47 km ESE of Naalehu, Hawaii",earthquake,0.64,0.69,0.156109129,37.0,reviewed,hv,hv
2021-11-30 14:20:22.130000+00:00,38.3737,22.2132,10.0,4.6,mb,80.0,0.653,0.67,us,us6000g7wf,2021-11-30 19:47:47.040000+00:00,"14 km W of Galaxídhion, Greece",earthquake,4.8,1.9,0.114,26.0,reviewed,us,us
2021-11-30 13:53:41.677000+00:00,31.7789,87.9411,10.0,5.4,mb,35.0,3.931,0.83,us,us6000g7wd,2021-12-01 13:56:52.324000+00:00,"294 km NNW of Rikaze, China",earthquake,8.2,1.8,0.043,192.0,reviewed,us,us
2021-11-30 13:46:52.279000+00:00,-3.5389999999999997,151.1354,10.0,4.9,mb,38.0,1.213,0.31,us,us6000g7wc,2021-11-30 14:36:55.040000+00:00,"113 km SSE of Kavieng, Papua New Guinea",earthquake,5.4,1.9,0.11900000000000001,25.0,reviewed,us,us
2021-11-30 12:41:09.472000+00:00,58.8359,-152.8756,48.8,3.3,ml,,,0.52,ak,ak021fckvx9v,2021-11-30 15:17:10.040000+00:00,"79 km SW of Nanwalek, Alaska",earthquake,,0.8,,,automatic,ak,ak
2021-11-30 12:16:32.908000+00:00,-11.2962,118.1941,10.0,4.2,mb,91.0,4.78,0.52,us,us6000g7w3,2021-11-30 12:57:26.040000+00:00,"290 km SW of Waingapu, Indonesia",earthquake,9.0,2.0,0.23600000000000002,5.0,reviewed,us,us
2021-11-30 12:14:34.418000+00:00,-3.5445,151.3439,10.0,5.8,mww,60.0,1.04,0.89,us,us6000g7w4,2021-12-01 12:17:55.107000+00:00,"116 km NW of Rabaul, Papua New Guinea",earthquake,7.1,1.8,0.075,17.0,reviewed,us,us
2021-11-30 11:37:13.280000+00:00,17.9795,-67.00399999999999,10.0,2.7,md,155.0,0.0415,0.15,pr,pr2021334003,2021-11-30 11:52:24.629000+00:00,"4 km E of La Parguera, Puerto Rico",earthquake,0.45,0.59,0.16,10.0,reviewed,pr,pr
2021-11-30 11:14:41.125000+00:00,-24.7136,-69.6022,133.22,4.3,mb,67.0,0.7340000000000001,0.77,us,us6000g7vh,2021-11-30 12:19:13.040000+00:00,"117 km NE of Taltal, Chile",earthquake,6.8,8.5,0.201,7.0,reviewed,us,us
2021-11-30 11:14:07.887000+00:00,-3.6027,151.0822,10.0,5.0,mb,70.0,1.227,0.63,us,us6000g7vl,2021-11-30 16:29:56.414000+00:00,"118 km SSE of Kavieng, Papua New Guinea",earthquake,7.9,1.9,0.083,49.0,reviewed,us,us
2021-11-30 11:10:41.928000+00:00,32.2147,142.1167,10.0,4.9,mb,206.0,2.1390000000000002,0.44,us,us6000g7vj,2021-11-30 11:57:33.040000+00:00,"Izu Islands, Japan region",earthquake,10.0,1.9,0.17600000000000002,10.0,reviewed,us,us
2021-11-30 11:09:38.749000+00:00,-3.8582,151.5681,10.0,5.0,mb,87.0,0.68,0.85,us,us6000g7vi,2021-11-30 11:47:39.040000+00:00,"76 km WNW of Rabaul, Papua New Guinea",earthquake,7.1,1.9,0.083,46.0,reviewed,us,us
2021-11-30 10:52:17.579000+00:00,-3.5956,150.8695,10.0,5.0,mb,88.0,1.42,0.5,us,us6000g7vp,2021-11-30 12:04:12.040000+00:00,"113 km S of Kavieng, Papua New Guinea",earthquake,3.9,1.9,0.09300000000000001,37.0,reviewed,us,us
2021-11-30 10:36:18.247000+00:00,-3.5165,151.1803,10.0,6.3,mww,34.0,1.188,0.56,us,us6000g7v8,2021-12-01 10:41:33.449000+00:00,"112 km SSE of Kavieng, Papua New Guinea",earthquake,6.3,1.8,0.05,38.0,reviewed,us,us
2021-11-30 10:32:24.224000+00:00,37.6103,25.865,10.0,4.2,mb,75.0,1.672,0.79,us,us6000g7uy,2021-11-30 13:13:01.040000+00:00,"37 km W of Agios Kirykos, Greece",earthquake,5.8,1.9,0.11,23.0,reviewed,us,us
2021-11-30 10:11:11.900000+00:00,36.045333299999996,-117.87133329999999,3.49,2.78,ml,34.0,0.04057,0.12,ci,ci39874375,2021-11-30 21:18:52.790000+00:00,"7km E of Coso Junction, CA",earthquake,0.14,0.33,0.205,25.0,reviewed,ci,ci
2021-11-30 09:13:00.330000+00:00,36.46333333,-98.78216667,6.0,2.53,ml,37.0,0.0,0.21,ok,ok2021xlct,2021-11-30 14:13:18.107000+00:00,"15 km SSE of Waynoka, Oklahoma",earthquake,,0.3,0.22,40.0,reviewed,ok,ok
2021-11-30 07:32:21.412000+00:00,41.8709,-125.8376,10.0,2.7,ml,252.0,1.465,0.85,us,us6000g7u4,2021-12-01 07:11:32.040000+00:00,"127 km WSW of Pistol River, Oregon",earthquake,6.2,2.0,0.045,66.0,reviewed,us,us
2021-11-30 07:28:35.240000+00:00,17.9773,-67.0098,10.0,2.57,md,156.0,0.0353,0.09,pr,pr2021334002,2021-11-30 07:44:22.646000+00:00,"3 km E of La Parguera, Puerto Rico",earthquake,0.44,0.57,0.05,6.0,reviewed,pr,pr
2021-11-30 07:10:44.696000+00:00,31.2164,142.4068,10.0,4.6,mb,96.0,2.9010000000000002,0.73,us,us6000g7u2,2021-12-01 06:40:02.040000+00:00,"Izu Islands, Japan region",earthquake,10.1,1.8,0.078,49.0,reviewed,us,us
2021-11-30 06:53:32.685000+00:00,31.2289,142.4773,7.86,5.5,mww,54.0,2.9389999999999996,0.66,us,us6000g7tw,2021-12-01 06:59:04.366000+00:00,"Izu Islands, Japan region",earthquake,8.4,4.1,0.078,16.0,reviewed,us,us
2021-11-30 06:34:23.984000+00:00,31.2043,142.4743,17.09,4.5,mb,136.0,2.9530000000000003,0.62,us,us6000g7tx,2021-11-30 07:41:16.040000+00:00,"Izu Islands, Japan region",earthquake,11.9,5.5,0.08900000000000001,37.0,reviewed,us,us
2021-11-30 04:38:49.068000+00:00,-21.6071,169.0216,10.0,5.0,mb,93.0,2.439,0.46,us,us6000g7th,2021-12-01 01:12:16.040000+00:00,"118 km E of Tadine, New Caledonia",earthquake,9.5,1.9,0.061,86.0,reviewed,us,us
2021-11-30 04:31:21.025000+00:00,41.8528,-126.1273,10.59,2.9,ml,258.0,1.681,0.4,us,us6000g7te,2021-12-01 01:05:49.040000+00:00,"150 km WSW of Pistol River, Oregon",earthquake,4.1,10.0,0.038,92.0,reviewed,us,us
2021-11-30 04:02:44.664000+00:00,65.5297,-153.6348,26.0,2.7,ml,,,1.05,ak,ak021fcfw6mq,2021-12-01 00:58:08.040000+00:00,"64 km SSE of Hughes, Alaska",earthquake,,0.8,,,automatic,ak,ak
2021-11-30 04:00:40.443000+00:00,37.7488,26.0722,10.0,5.1,mww,43.0,1.473,0.52,us,us6000g7ta,2021-12-01 05:54:28.040000+00:00,"24 km NW of Agios Kirykos, Greece",earthquake,5.3,1.8,0.086,13.0,reviewed,us,us
2021-11-30 03:30:27.380000+00:00,37.909833299999995,-122.2888333,4.88,2.5,md,21.0,0.01465,0.09,nc,nc73659805,2021-12-02 00:23:42.755000+00:00,"1km W of Kensington, CA",earthquake,0.11,0.15,0.12300000000000001,81.0,reviewed,nc,nc
2021-11-30 03:23:49.440000+00:00,17.9721,-67.0031,9.0,3.16,md,167.0,0.0412,0.11,pr,pr2021334001,2021-11-30 23:52:03.040000+00:00,"4 km E of La Parguera, Puerto Rico",earthquake,0.36,0.5,0.1,13.0,reviewed,pr,pr
2021-11-30 02:29:42.351000+00:00,-58.8001,-25.2939,35.0,4.6,mb,114.0,9.988999999999999,0.78,us,us6000g7su,2021-11-30 23:45:31.040000+00:00,South Sandwich Islands region,earthquake,12.0,2.0,0.098,31.0,reviewed,us,us
2021-11-30 02:21:37.140000+00:00,37.5735,-118.62916670000001,12.76,2.74,md,62.0,0.0983,0.08,nc,nc73659755,2021-12-01 04:22:11.247000+00:00,"5km ENE of Toms Place, CA",earthquake,0.38,0.72,0.162,48.0,reviewed,nc,nc
2021-11-30 02:20:48.160000+00:00,19.16533333,-155.47916669999998,33.39,2.57,md,100.0,,0.11,hv,hv72817077,2021-11-30 06:50:23.360000+00:00,"4 km S of P?hala, Hawaii",earthquake,0.44,0.59,0.21809105399999998,20.0,reviewed,hv,hv
2021-11-30 01:13:19.310000+00:00,-22.4708,-69.4819,89.35,4.3,mb,89.0,0.248,0.65,us,us6000g7sc,2021-11-30 22:40:31.040000+00:00,"57 km W of Calama, Chile",earthquake,3.1,5.4,0.14800000000000002,13.0,reviewed,us,us
2021-11-30 00:56:07.558000+00:00,6.7224,126.1127,58.03,5.1,mww,36.0,0.632,0.85,us,us6000g7s9,2021-12-01 05:43:26.040000+00:00,"1 km ENE of Talisay, Philippines",earthquake,7.1,4.8,0.098,10.0,reviewed,us,us
2021-11-30 00:30:46.587000+00:00,31.0927,142.4173,10.0,4.6,mb,136.0,2.991,0.56,us,us6000g7sa,2021-11-30 01:30:05.040000+00:00,"Izu Islands, Japan region",earthquake,11.5,1.9,0.067,67.0,reviewed,us,us
2021-11-30 00:17:54.230000+00:00,17.9085,-66.8048,6.0,2.51,md,224.0,0.0998,0.17,pr,pr2021334000,2021-11-30 00:30:26.944000+00:00,"9 km S of Indios, Puerto Rico",earthquake,0.76,0.46,0.14,6.0,reviewed,pr,pr
2021-11-29 23:56:27.590000+00:00,17.8713,-66.8716,16.0,2.84,md,214.0,0.1041,0.12,pr,pr2021333008,2021-11-30 00:22:28.480000+00:00,"11 km SSE of Guánica, Puerto Rico",earthquake,0.5,0.7,0.35,11.0,reviewed,pr,pr
2021-11-29 23:34:44.255000+00:00,31.218000000000004,142.4832,10.0,4.4,mb,136.0,6.125,0.8,us,us6000g7s1,2021-11-30 00:14:59.040000+00:00,"Izu Islands, Japan region",earthquake,6.6,1.9,0.11699999999999999,21.0,reviewed,us,us
2021-11-29 23:29:26.110000+00:00,17.9788,-67.005,10.0,2.57,md,165.0,0.0403,0.17,pr,pr2021333007,2021-11-29 23:44:52.704000+00:00,"4 km E of La Parguera, Puerto Rico",earthquake,0.42,0.67,0.27,12.0,reviewed,pr,pr
2021-11-29 23:03:16.153000+00:00,-6.8102,104.1784,40.97,4.7,mb,73.0,2.72,0.78,us,us6000g7rp,2021-11-29 23:31:10.040000+00:00,"188 km WSW of Labuan, Indonesia",earthquake,4.7,7.8,0.09,38.0,reviewed,us,us
2021-11-29 22:29:49.216000+00:00,31.1512,142.4568,10.0,4.6,mb,136.0,2.9760000000000004,0.63,us,us6000g7ri,2021-11-29 23:01:38.040000+00:00,"Izu Islands, Japan region",earthquake,4.7,1.9,0.075,53.0,reviewed,us,us
2021-11-29 21:22:06.745000+00:00,20.5276,94.0807,57.69,4.4,mb,160.0,2.0709999999999997,0.68,us,us6000g7qn,2021-11-29 21:41:32.040000+00:00,"82 km W of Yenangyaung, Myanmar",earthquake,3.7,11.0,0.311,3.0,reviewed,us,us
2021-11-29 20:45:07.700000+00:00,38.3733333,-112.774,4.46,2.85,ml,57.0,0.0778,0.12,uu,uu60470287,2021-11-30 00:12:18.371000+00:00,"15 km NW of Beaver, Utah",earthquake,0.26,0.83,0.23199999999999998,14.0,reviewed,uu,uu
2021-11-29 20:33:31.764000+00:00,4.2361,-76.3497,118.83,4.9,mb,85.0,2.106,1.0,us,us6000g7q7,2021-11-29 23:40:17.581000+00:00,"4 km NW of Trujillo, Colombia",earthquake,7.3,6.7,0.079,50.0,reviewed,us,us
2021-11-29 20:10:14.828000+00:00,-18.364,168.7418,79.45,4.6,mb,101.0,3.253,0.77,us,us6000g7q3,2021-11-29 20:40:49.040000+00:00,"82 km SSE of Port-Vila, Vanuatu",earthquake,5.8,7.9,0.084,42.0,reviewed,us,us
2021-11-29 20:00:14.409000+00:00,30.0542,-113.7832,10.0,4.6,mb,154.0,1.345,0.97,us,us6000g7q0,2021-11-29 20:29:02.040000+00:00,"106 km W of La Libertad, Mexico",earthquake,6.1,1.9,0.107,26.0,reviewed,us,us
2021-11-29 19:23:56.925000+00:00,30.1686,-113.7033,10.0,4.7,mb,155.0,1.315,1.31,us,us6000g7pp,2021-11-29 19:59:12.040000+00:00,"101 km WNW of La Libertad, Mexico",earthquake,6.3,2.0,0.083,44.0,reviewed,us,us
2021-11-29 18:32:20.330000+00:00,63.0741,-148.5495,68.3,2.9,ml,,,1.6,ak,ak021fb0v9tv,2021-11-29 22:23:17.038000+00:00,"40 km SSE of Cantwell, Alaska",earthquake,,0.2,,,reviewed,ak,ak
2021-11-29 18:23:46.376000+00:00,-33.124,-179.3205,44.05,5.4,mww,64.0,4.032,1.11,us,us6000g7p3,2021-11-30 18:26:01.120000+00:00,south of the Kermadec Islands,earthquake,4.7,4.5,0.065,23.0,reviewed,us,us
2021-11-29 17:28:25.105000+00:00,58.5105,-150.7039,20.4,2.5,ml,,,0.37,ak,ak021fb08zta,2021-11-29 17:49:17.062000+00:00,"113 km SE of Port Graham, Alaska",earthquake,,1.2,,,automatic,ak,ak
2021-11-29 17:10:46.140000+00:00,17.8611,-66.875,6.0,3.06,md,218.0,0.1141,0.17,pr,pr2021333006,2021-11-29 19:17:51.040000+00:00,"12 km SSE of Guánica, Puerto Rico",earthquake,0.62,0.35,0.17,10.0,reviewed,pr,pr
2021-11-29 16:37:26.731000+00:00,-12.4961,166.674,142.03,4.6,mb,89.0,2.978,0.59,us,us7000fy04,2021-11-29 17:12:31.040000+00:00,"179 km NNW of Sola, Vanuatu",earthquake,10.3,7.1,0.073,59.0,reviewed,us,us
2021-11-29 16:34:00.160000+00:00,31.66271235,-104.3006007,7.494091797,2.5,ml,66.0,0.11157919699999999,0.3,tx,tx2021xjvu,2021-11-30 20:05:40.620000+00:00,"57 km S of Whites City, New Mexico",earthquake,0.9042568809999999,1.492307766,0.1,18.0,reviewed,tx,tx
2021-11-29 15:24:25.899000+00:00,-2.5899,99.5195,10.0,4.6,mb,83.0,3.2710000000000004,0.58,us,us7000fxzv,2021-11-29 16:20:20.040000+00:00,"203 km SSW of Padang, Indonesia",earthquake,8.1,1.9,0.10300000000000001,30.0,reviewed,us,us
2021-11-29 15:19:29.480000+00:00,31.484,-115.66833329999999,11.43,3.7,ml,106.0,0.1353,0.23,ci,ci39873495,2021-11-29 16:21:40.639000+00:00,"89km ESE of Maneadero, B.C., MX",earthquake,1.58,3.64,0.105,57.0,reviewed,ci,ci
2021-11-29 14:12:25.190000+00:00,19.206,-155.40216669999998,32.76,2.64,ml,157.0,,0.12,hv,hv72816502,2021-11-30 06:38:45.870000+00:00,"8 km E of P?hala, Hawaii",earthquake,0.42,0.52,0.14456391400000002,24.0,reviewed,hv,hv
2021-11-29 13:50:54.526000+00:00,31.1624,142.3641,10.0,4.7,mb,96.0,2.91,0.69,us,us7000fxzi,2021-11-29 15:05:56.040000+00:00,"Izu Islands, Japan region",earthquake,9.5,1.9,0.051,119.0,reviewed,us,us
2021-11-29 13:20:23.034000+00:00,39.6388,-98.5016,5.0,2.5,mb_lg,48.0,1.225,0.94,us,us7000fxz1,2021-11-29 14:34:02.040000+00:00,"15 km NNW of Cawker City, Kansas",earthquake,2.3,2.0,0.193,7.0,reviewed,us,us
2021-11-29 12:40:49+00:00,31.1,142.8,10.0,6.6,Mi,35.99999712,0.0,1.09,at,at00r3bsb4,2021-11-29 13:14:10.929000+00:00,"Izu Islands, Japan region",earthquake,0.0,0.0,,73.0,reviewed,at,at
2021-11-29 12:40:43.618000+00:00,31.1809,142.4851,6.14,6.3,mww,35.0,2.975,0.7,us,us7000fxyq,2021-12-01 22:03:27.522000+00:00,"Izu Islands, Japan region",earthquake,8.1,4.1,0.055999999999999994,31.0,reviewed,us,us
2021-11-29 12:13:14.180000+00:00,18.0275,-66.759,15.0,3.22,md,94.0,0.1311,0.16,pr,pr2021333005,2021-11-29 13:28:07.040000+00:00,"1 km NE of Magas Arriba, Puerto Rico",earthquake,0.36,0.48,0.19,17.0,reviewed,pr,pr
2021-11-29 11:35:35.303000+00:00,-20.3513,-70.3071,46.48,2.6,ml,182.0,0.243,0.25,us,us6000g83v,2021-12-01 22:36:24.671000+00:00,"22 km SW of Iquique, Chile",earthquake,4.8,7.0,0.07400000000000001,24.0,reviewed,us,us
2021-11-29 11:22:33.482000+00:00,33.515,137.2248,381.62,4.0,mb,66.0,1.406,0.52,us,us7000fxyf,2021-11-29 12:49:17.951000+00:00,"112 km ESE of Owase, Japan",earthquake,10.2,8.1,0.1,27.0,reviewed,us,us
2021-11-29 08:59:43.169000+00:00,-58.589,-23.5685,10.0,5.1,mb,71.0,8.353,0.41,us,us7000fxxu,2021-11-29 09:20:12.040000+00:00,South Sandwich Islands region,earthquake,9.5,1.6,0.078,54.0,reviewed,us,us
2021-11-29 08:48:54.310000+00:00,18.0021,-66.8288,16.0,2.61,md,130.0,0.0572,0.19,pr,pr2021333003,2021-11-29 09:06:31.332000+00:00,"1 km NW of Indios, Puerto Rico",earthquake,0.41,0.32,0.26,7.0,reviewed,pr,pr
2021-11-29 08:44:56.737000+00:00,29.8581,-113.8418,10.0,4.2,mb,160.0,1.463,0.6,us,us7000fxxr,2021-11-29 09:10:20.040000+00:00,"111 km W of La Libertad, Mexico",earthquake,5.5,2.0,0.086,38.0,reviewed,us,us
2021-11-29 07:55:40.550000+00:00,19.2955,-64.8053,21.0,3.6,md,300.0,1.0972,0.34,pr,pr2021333004,2021-11-29 14:33:12.040000+00:00,"106 km N of Charlotte Amalie, U.S. Virgin Islands",earthquake,1.84,27.75,0.07,9.0,reviewed,pr,pr
2021-11-29 07:53:37.806000+00:00,3.6291,-74.0203,10.0,4.4,mb,67.0,1.244,0.82,us,us7000fxxc,2021-11-29 08:28:04.040000+00:00,"11 km N of Lejanías, Colombia",earthquake,5.5,1.8,0.083,45.0,reviewed,us,us
2021-11-29 06:47:25.410000+00:00,18.97033333,-155.4221667,33.69,3.51,ml,229.0,,0.12,hv,hv72816147,2021-11-30 06:48:47.309000+00:00,"19 km ESE of Naalehu, Hawaii",earthquake,0.44,0.72,0.162099787,40.0,reviewed,hv,hv
2021-11-29 06:37:04.382000+00:00,30.6222,-113.7254,10.0,4.3,mb,135.0,0.965,0.91,us,us7000fxwa,2021-11-29 09:49:58.040000+00:00,"79 km SSW of Puerto Peñasco, Mexico",earthquake,5.9,2.0,0.147,13.0,reviewed,us,us
2021-11-29 06:32:26.127000+00:00,-24.1169,179.8367,540.86,4.5,mb,88.0,5.502000000000001,0.63,us,us7000fxw8,2021-11-29 07:02:46.040000+00:00,south of the Fiji Islands,earthquake,12.0,6.9,0.053,104.0,reviewed,us,us
2021-11-29 06:24:25.009000+00:00,29.8708,-113.7144,10.0,4.3,mb,156.0,1.521,0.5,us,us7000fxvz,2021-11-29 07:27:46.040000+00:00,"98 km W of La Libertad, Mexico",earthquake,7.0,2.0,0.10400000000000001,26.0,reviewed,us,us
2021-11-29 04:36:48.700000+00:00,40.293499,-124.529335,17.34,2.69,md,247.0,0.1895,0.13,nc,nc73659375,2021-11-29 06:16:09.483000+00:00,"21km W of Petrolia, CA",earthquake,1.64,0.57,0.03,9.0,automatic,nc,nc
2021-11-29 03:32:14.239000+00:00,13.8625,-92.6551,10.0,4.2,mb,209.0,2.456,0.84,us,us7000fxv7,2021-11-29 04:12:21.040000+00:00,"87 km SW of Ocós, Guatemala",earthquake,12.9,2.0,0.08,43.0,reviewed,us,us
2021-11-29 03:24:35.924000+00:00,36.5105,70.1228,225.6,4.1,mb,70.0,0.713,0.69,us,us7000fxv6,2021-11-29 04:03:39.040000+00:00,"24 km ESE of Farkh?r, Afghanistan",earthquake,7.5,6.1,0.19699999999999998,7.0,reviewed,us,us
2021-11-29 03:17:25.706000+00:00,-6.8302,127.2188,388.33,4.3,mb,32.0,4.12,0.66,us,us7000fxv5,2021-11-29 03:34:30.040000+00:00,"188 km N of Lospalos, Timor Leste",earthquake,7.1,6.8,0.09,35.0,reviewed,us,us
2021-11-29 03:01:33.420000+00:00,31.6173333,-116.0176667,7.6,2.61,ml,184.0,0.3009,0.14,ci,ci39873175,2021-11-29 18:52:10.988000+00:00,"53km ESE of Maneadero, B.C., MX",earthquake,0.39,0.88,0.2,12.0,reviewed,ci,ci
2021-11-29 01:15:49.130000+00:00,17.9733,-67.01,11.0,2.5,md,175.0,0.0344,0.07,pr,pr2021333000,2021-11-29 01:54:06.102000+00:00,"3 km E of La Parguera, Puerto Rico",earthquake,0.52,0.37,0.12,6.0,reviewed,pr,pr
2021-11-28 23:03:03.465000+00:00,31.16227615,-103.31850940000001,4.5633789060000005,3.3,ml,58.0,0.048833987,0.3,tx,tx2021xind,2021-11-30 05:52:57.401000+00:00,"25 km WSW of Coyanosa, Texas",earthquake,2.002784381,2.300923543,0.1,10.0,reviewed,tx,tx
2021-11-28 22:53:38.198000+00:00,62.0803,-151.2634,75.3,2.7,ml,,,0.45,ak,ak021f9fu75r,2021-11-30 01:21:58.040000+00:00,"12 km NE of Skwentna, Alaska",earthquake,,0.8,,,automatic,ak,ak
2021-11-28 22:40:37.525000+00:00,56.0738,-149.6152,23.28,3.1,ml,198.0,2.362,0.78,us,us7000fxu2,2021-11-30 01:03:11.040000+00:00,"236 km SE of Chiniak, Alaska",earthquake,7.9,9.2,0.06,36.0,reviewed,us,us
2021-11-28 22:34:41.110000+00:00,0.2419,99.6101,127.34,4.3,mb,140.0,1.431,0.6,us,us7000fxu1,2021-11-30 00:47:40.040000+00:00,"104 km NW of Bukittinggi, Indonesia",earthquake,6.3,8.1,0.133,16.0,reviewed,us,us
2021-11-28 22:13:56.714000+00:00,31.8721,130.7325,10.0,4.6,mb,121.0,0.433,0.61,us,us7000fxu0,2021-11-30 00:23:58.966000+00:00,"15 km NNW of Kokubu-matsuki, Japan",earthquake,3.8,1.8,0.172,10.0,reviewed,us,us
2021-11-28 21:52:45.767000+00:00,34.4342,99.0553,10.0,4.1,mb,65.0,9.752,0.96,us,us7000fxtx,2021-11-29 22:48:25.040000+00:00,"Southern Qinghai, China",earthquake,7.8,1.9,0.139,14.0,reviewed,us,us
2021-11-28 20:33:22.878000+00:00,43.147,146.5104,67.17,4.6,mb,79.0,2.722,0.74,us,us7000fxti,2021-11-28 21:11:08.040000+00:00,"74 km SSW of Shikotan, Russia",earthquake,9.5,8.2,0.09,37.0,reviewed,us,us
2021-11-28 20:29:57.347000+00:00,-10.4488,161.0192,10.0,4.7,mb,77.0,1.456,1.1,us,us7000fxtf,2021-11-28 21:01:03.040000+00:00,"98 km W of Kirakira, Solomon Islands",earthquake,7.6,1.9,0.095,34.0,reviewed,us,us
2021-11-28 20:19:58.450000+00:00,17.9473,-66.9445,9.0,2.89,md,186.0,0.071,0.14,pr,pr2021332019,2021-11-28 20:42:38.734000+00:00,"4 km SW of Guánica, Puerto Rico",earthquake,0.42,0.54,0.29,14.0,reviewed,pr,pr
2021-11-28 20:04:30.566000+00:00,59.7425,-151.8932,55.6,2.5,ml,,,0.61,ak,ak021f9ectas,2021-11-28 21:16:20.040000+00:00,"5 km SW of Anchor Point, Alaska",earthquake,,0.6,,,automatic,ak,ak
2021-11-28 19:42:35.803000+00:00,44.123000000000005,-115.0586,10.0,2.6,ml,82.0,0.7290000000000001,1.16,us,us7000fxt4,2021-11-29 16:32:26.820000+00:00,"14 km SW of Stanley, Idaho",earthquake,2.0,2.0,0.091,16.0,reviewed,us,us
2021-11-28 19:24:52.585000+00:00,58.347,-152.2625,52.7,2.5,ml,,,0.46,ak,ak021f9dvpo2,2021-11-28 21:23:26.040000+00:00,"49 km NNE of Ouzinkie, Alaska",earthquake,,1.8,,,automatic,ak,ak
2021-11-28 18:55:09.950000+00:00,18.0323,-67.7085,5.0,3.12,md,183.0,0.4202,0.31,pr,pr2021332018,2021-11-28 19:20:57.743000+00:00,"55 km W of Puerto Real, Puerto Rico",earthquake,0.7,0.81,0.2,12.0,reviewed,pr,pr
2021-11-28 18:32:49.943000+00:00,31.66960437,-104.3770941,7.699755859,3.1,ml,59.0,0.105442115,0.3,tx,tx2021xief,2021-11-28 18:46:49.232000+00:00,"56 km S of Whites City, New Mexico",earthquake,1.2382292940000001,1.56692424,0.1,6.0,reviewed,tx,tx
2021-11-28 17:27:30.721000+00:00,-2.6294,140.4053,33.72,4.5,mb,59.0,6.979,0.7,us,us7000fxt1,2021-11-29 02:01:12.881000+00:00,"near the north coast of Papua, Indonesia",earthquake,10.4,5.8,0.10300000000000001,28.0,reviewed,us,us
2021-11-28 17:21:21.354000+00:00,24.213,94.5836,80.53,4.5,mb,74.0,4.109,0.8,us,us7000fxsg,2021-11-29 02:27:42.479000+00:00,"65 km NNE of Mawlaik, Myanmar",earthquake,9.5,6.9,0.106,26.0,reviewed,us,us
2021-11-28 17:02:21.027000+00:00,26.9941,96.5108,10.0,4.3,mb,96.0,6.216,0.99,us,us7000fxsb,2021-11-28 19:53:11.040000+00:00,"89 km ESE of Margherita, India",earthquake,9.6,1.9,0.114,22.0,reviewed,us,us
2021-11-28 16:39:26.640000+00:00,18.1533,-68.033,80.0,3.28,md,174.0,0.5014,0.42,pr,pr2021332016,2021-11-28 17:19:52.768000+00:00,"61 km SE of Punta Cana, Dominican Republic",earthquake,2.41,1.73,0.26,10.0,reviewed,pr,pr
2021-11-28 16:20:06.890000+00:00,17.965,-66.9985,10.0,2.97,md,177.0,0.0459,0.14,pr,pr2021332015,2021-11-28 20:36:17.843000+00:00,"5 km ESE of La Parguera, Puerto Rico",earthquake,0.5,0.43,0.1,11.0,reviewed,pr,pr
2021-11-28 16:17:41.648000+00:00,31.64559969,-104.5851541,6.208691406,3.6,ml,80.0,0.075548688,0.3,tx,tx2021xhzt,2021-11-29 16:21:32.711000+00:00,"61 km SSW of Whites City, New Mexico",earthquake,1.866777416,2.170779652,0.1,7.0,reviewed,tx,tx
2021-11-28 16:11:20.758000+00:00,34.4036,45.761,10.0,4.2,mb,109.0,0.7120000000000001,0.53,us,us7000fxrx,2021-11-28 16:41:38.040000+00:00,"11 km SW of Sarpol-e Z?ah?b, Iran",earthquake,5.4,1.9,0.153,15.0,reviewed,us,us
2021-11-28 15:46:33.910000+00:00,19.1825,-155.4775,32.45,3.56,ml,79.0,,0.11,hv,hv72815092,2021-11-29 21:15:23.602000+00:00,"2 km S of P?hala, Hawaii",earthquake,0.39,0.53,0.178054952,40.0,reviewed,hv,hv
2021-11-28 15:02:43.710000+00:00,18.1803,-67.4351,15.0,2.77,md,233.0,0.2088,0.22,pr,pr2021332014,2021-11-28 15:36:22.464000+00:00,"25 km SW of Stella, Puerto Rico",earthquake,0.77,0.79,0.43,11.0,reviewed,pr,pr
2021-11-28 14:54:40.916000+00:00,35.0889,141.502,12.05,4.5,mb,126.0,2.416,0.66,us,us7000fxrk,2021-11-29 13:29:22.415000+00:00,"93 km SE of Hasaki, Japan",earthquake,6.9,5.0,0.091,37.0,reviewed,us,us
2021-11-28 13:51:16.168000+00:00,-6.7652,125.4367,539.11,4.9,mb,38.0,3.188,0.69,us,us7000fxr9,2021-11-28 15:06:45.040000+00:00,"198 km N of Metinaro, Timor Leste",earthquake,10.3,8.5,0.053,113.0,reviewed,us,us
2021-11-28 13:34:32.986000+00:00,31.66774561,-104.3803075,7.391259766,2.9,ml,60.0,0.102702302,0.3,tx,tx2021xhuk,2021-11-28 14:31:44.040000+00:00,"56 km S of Whites City, New Mexico",earthquake,1.287666261,1.77658683,0.1,6.0,reviewed,tx,tx
2021-11-28 11:15:46.840000+00:00,37.4415,-112.98166670000002,6.12,3.07,ml,115.0,0.1427,0.13,uu,uu60470092,2021-11-29 03:53:04.658000+00:00,Utah,earthquake,0.34,0.72,0.25,11.0,reviewed,uu,uu
2021-11-28 10:59:28.030000+00:00,19.163,-155.4771667,32.12,2.71,ml,105.0,,0.11,hv,hv72814852,2021-11-30 07:17:53.750000+00:00,"4 km S of P?hala, Hawaii",earthquake,0.42,0.54,0.146411794,28.0,reviewed,hv,hv
2021-11-28 10:52:13.239000+00:00,-4.4898,-76.8461,112.48,7.5,mww,42.0,4.962,0.61,us,us7000fxq2,2021-11-30 01:40:53.016000+00:00,"42 km NNW of Barranca, Peru",earthquake,7.4,5.2,0.033,87.0,reviewed,us,us
2021-11-28 09:42:15.656000+00:00,7.5372,-76.9227,23.41,4.5,mb,94.0,1.9240000000000002,0.71,us,us7000fxps,2021-11-28 15:04:10.525000+00:00,"24 km ENE of Riosucio, Colombia",earthquake,6.0,8.6,0.192,12.0,reviewed,us,us
2021-11-28 09:37:17.623000+00:00,-32.3775,-71.9198,22.65,4.0,mwr,134.0,0.6829999999999999,0.79,us,us7000fxpj,2021-11-29 02:39:11.877000+00:00,"65 km W of La Ligua, Chile",earthquake,3.7,6.3,0.043,53.0,reviewed,us,us
2021-11-28 09:06:11.207000+00:00,-18.4679,-178.2631,496.63,4.2,mb,115.0,3.576,0.68,us,us7000fxpm,2021-11-28 10:35:35.040000+00:00,"259 km E of Levuka, Fiji",earthquake,15.1,9.0,0.10300000000000001,27.0,reviewed,us,us
2021-11-28 08:58:55.226000+00:00,31.66767676,-104.39107270000001,7.5969238279999995,2.9,ml,60.0,0.093525611,0.2,tx,tx2021xhlh,2021-11-28 09:12:04.160000+00:00,"56 km S of Whites City, New Mexico",earthquake,1.30162639,1.588831495,0.0,6.0,reviewed,tx,tx
2021-11-28 08:56:13.400000+00:00,40.6204987,-123.15049740000002,30.09,2.71,md,102.0,0.06572,0.04,nc,nc73659055,2021-11-28 10:12:12.563000+00:00,"8km NNE of Hayfork, CA",earthquake,0.67,1.06,0.1,6.0,automatic,nc,nc
2021-11-28 08:27:03.010000+00:00,17.945,-66.743,18.0,2.63,md,170.0,0.1395,0.11,pr,pr2021332012,2021-11-28 08:40:26.521000+00:00,"6 km SSW of Tallaboa, Puerto Rico",earthquake,0.29,0.3,0.08,4.0,reviewed,pr,pr
2021-11-28 08:12:14.466000+00:00,37.373000000000005,-104.3336,8.0,2.7,ml,70.0,0.24100000000000002,0.41,us,us7000fxnu,2021-11-28 15:07:13.981000+00:00,Colorado,earthquake,1.2,8.6,0.115,10.0,reviewed,us,us
2021-11-28 07:50:18.405000+00:00,18.9199,-68.9991,8.05,2.9,ml,176.0,0.711,0.45,us,us7000fxnq,2021-11-28 08:30:42.040000+00:00,"8 km SE of Miches, Dominican Republic",earthquake,2.6,11.4,0.055,43.0,reviewed,us,us
2021-11-28 07:43:40.650000+00:00,17.9841,-67.0045,10.0,2.74,md,147.0,0.0423,0.17,pr,pr2021332010,2021-11-28 08:00:46.729000+00:00,"4 km ENE of La Parguera, Puerto Rico",earthquake,0.41,0.68,0.03,5.0,reviewed,pr,pr
2021-11-28 07:16:55.827000+00:00,-20.4295,-178.2569,568.76,4.1,mb,171.0,4.394,0.34,us,us7000fxnl,2021-11-28 08:21:03.040000+00:00,Fiji region,earthquake,13.9,13.7,0.11199999999999999,22.0,reviewed,us,us
2021-11-28 06:57:19.349000+00:00,40.4233,-126.4046,10.0,3.0,ml,258.0,1.743,0.68,us,us7000fxnb,2021-11-28 07:17:51.040000+00:00,"182 km W of Ferndale, California",earthquake,8.3,2.0,0.038,92.0,reviewed,us,us
2021-11-28 06:32:30.995000+00:00,-12.0305,-77.3749,64.45,5.1,mb,85.0,0.523,0.94,us,us7000fxna,2021-11-29 22:54:08.806000+00:00,"28 km W of Callao, Peru",earthquake,8.6,5.2,0.027000000000000003,438.0,reviewed,us,us
2021-11-28 06:30:36.161000+00:00,67.0253,-146.7062,4.5,2.9,ml,,,0.74,ak,ak021f966bs2,2021-11-28 07:33:46.040000+00:00,"12 km W of Venetie, Alaska",earthquake,,0.5,,,automatic,ak,ak
2021-11-28 05:59:10.556000+00:00,31.67497601,-104.2436354,7.288427734,3.2,ml,53.0,0.110834751,0.2,tx,tx2021xhfj,2021-11-28 08:10:53.726000+00:00,western Texas,earthquake,1.195872032,1.6538649719999998,0.2,6.0,reviewed,tx,tx
2021-11-28 05:51:55.308000+00:00,66.9407,-146.8561,73.9,2.8,ml,,,0.77,ak,ak021f95pfpr,2021-11-28 06:03:02.086000+00:00,"20 km WSW of Venetie, Alaska",earthquake,,1.9,,,automatic,ak,ak
2021-11-28 05:44:20.388000+00:00,31.4828,-115.6439,18.66,3.2,ml,110.0,0.15,0.67,us,us7000fxmt,2021-11-29 16:17:04.811000+00:00,"59 km ENE of San Vicente, Mexico",earthquake,3.1,7.3,0.053,46.0,reviewed,us,us
2021-11-28 03:12:56.770000+00:00,19.19466667,-155.4685,36.39,3.0,ml,97.0,,0.11,hv,hv72814362,2021-11-29 23:16:38.493000+00:00,"1 km SE of P?hala, Hawaii",earthquake,0.42,0.5,0.21560953,39.0,reviewed,hv,hv
2021-11-28 03:10:06.580000+00:00,17.9713,-67.0026,9.0,3.25,md,168.0,0.0417,0.11,pr,pr2021332005,2021-11-28 05:34:49.482000+00:00,"4 km E of La Parguera, Puerto Rico",earthquake,0.27,0.43,0.28,11.0,reviewed,pr,pr
2021-11-28 02:57:18.080000+00:00,17.9728,-67.0021,9.0,3.46,md,178.0,0.0423,0.09,pr,pr2021332003,2021-11-29 02:59:17.147000+00:00,"4 km E of La Parguera, Puerto Rico",earthquake,0.34,0.62,0.33,25.0,reviewed,pr,pr
2021-11-28 02:52:34.632000+00:00,38.6717,14.3583,10.0,4.4,mb,69.0,1.273,0.78,us,us7000fxly,2021-11-28 04:25:43.238000+00:00,"42 km WNW of Leni, Italy",earthquake,5.4,1.9,0.09699999999999999,31.0,reviewed,us,us
2021-11-28 02:46:24.520000+00:00,17.9701,-67.0018,9.0,3.33,md,170.0,0.0424,0.11,pr,pr2021332004,2021-11-29 02:48:28.218000+00:00,"4 km E of La Parguera, Puerto Rico",earthquake,0.29,0.48,0.22,26.0,reviewed,pr,pr
2021-11-28 02:13:16.540000+00:00,18.6423,-65.316,67.0,3.04,md,275.0,0.3365,0.36,pr,pr2021332002,2021-11-28 06:24:16.538000+00:00,"37 km N of Culebra, Puerto Rico",earthquake,3.18,2.81,0.08,3.0,reviewed,pr,pr
2021-11-28 01:53:54.738000+00:00,66.9855,-146.4942,13.0,2.8,ml,,,0.51,ak,ak021f93c4rf,2021-11-28 02:33:06.040000+00:00,"4 km SW of Venetie, Alaska",earthquake,,0.3,,,reviewed,ak,ak
2021-11-28 01:44:10.267000+00:00,66.9559,-146.5953,6.9,4.3,ml,,,0.94,ak,ak021f93a45y,2021-11-29 15:55:25.040000+00:00,,earthquake,,1.2,,,reviewed,ak,ak
2021-11-28 01:39:47.483000+00:00,66.9631,-146.4799,12.1,3.7,ml,,,0.87,ak,ak021f939474,2021-11-28 02:21:29.040000+00:00,"6 km SSW of Venetie, Alaska",earthquake,,0.3,,,reviewed,ak,ak
2021-11-28 01:38:08.507000+00:00,33.4477,58.7505,10.0,4.7,mb,72.0,8.616,0.74,us,us7000fxlh,2021-11-28 01:58:57.040000+00:00,"50 km SW of Q?’en, Iran",earthquake,7.2,1.8,0.054000000000000006,104.0,reviewed,us,us
2021-11-28 01:32:51.113000+00:00,27.0868,96.3158,10.0,4.6,mb,72.0,6.324,1.27,us,us7000fxlf,2021-11-28 02:27:42.040000+00:00,"67 km ESE of Margherita, India",earthquake,4.2,1.9,0.10300000000000001,28.0,reviewed,us,us
2021-11-28 01:29:28.050000+00:00,17.8413,-66.857,11.0,2.79,md,256.0,0.1356,0.1,pr,pr2021332001,2021-11-28 01:50:31.820000+00:00,"15 km SSE of Guánica, Puerto Rico",earthquake,0.56,0.64,0.13,6.0,reviewed,pr,pr
2021-11-28 00:54:40.940000+00:00,17.8391,-66.8563,13.0,2.74,md,224.0,0.1379,0.14,pr,pr2021332000,2021-11-28 01:21:47.579000+00:00,"15 km SSE of Guánica, Puerto Rico",earthquake,0.55,0.6,0.11,5.0,reviewed,pr,pr
2021-11-28 00:37:37.679000+00:00,-38.8416,-73.6557,31.26,4.1,mb,143.0,1.052,0.64,us,us7000fxl3,2021-11-28 02:36:59.040000+00:00,"45 km WSW of Carahue, Chile",earthquake,5.5,4.4,0.262,4.0,reviewed,us,us
2021-11-27 23:51:25.158000+00:00,52.5962,-176.0142,179.8,3.0,ml,,,0.57,ak,ak021f7svttn,2021-11-28 00:30:22.906000+00:00,"90 km NNE of Adak, Alaska",earthquake,,1.1,,,reviewed,ak,ak
2021-11-27 23:30:13.160000+00:00,17.9005,-66.9705,12.0,2.54,md,242.0,0.1009,0.15,pr,pr2021331007,2021-11-27 23:52:28.459000+00:00,"10 km SW of Guánica, Puerto Rico",earthquake,0.66,0.43,0.16,7.0,reviewed,pr,pr
2021-11-27 23:00:39.199000+00:00,-21.2335,-176.49200000000002,190.38,4.6,mb,120.0,6.206,0.91,us,us7000fxki,2021-11-28 02:42:41.040000+00:00,"133 km W of Haveluloto, Tonga",earthquake,15.3,8.2,0.107,26.0,reviewed,us,us
2021-11-27 22:49:04.043000+00:00,85.4413,13.2037,10.0,4.9,mb,57.0,6.57,0.85,us,us7000fxkf,2021-11-27 23:07:38.040000+00:00,north of Svalbard,earthquake,9.4,1.9,0.065,75.0,reviewed,us,us
2021-11-27 22:44:48.469000+00:00,-27.8309,-71.1125,41.85,4.8,mwr,95.0,0.373,1.12,us,us7000fxkd,2021-11-28 00:01:14.289000+00:00,"89 km NNW of Vallenar, Chile",earthquake,4.4,4.9,0.034,82.0,reviewed,us,us
2021-11-27 21:07:54.260000+00:00,19.18483333,-155.46933330000002,37.1,2.65,md,94.0,,0.11,hv,hv72814027,2021-11-30 06:57:44.610000+00:00,"2 km SSE of P?hala, Hawaii",earthquake,0.43,0.5,0.154227304,22.0,reviewed,hv,hv
2021-11-27 20:40:05.703000+00:00,-36.3264,-71.2306,131.33,4.1,mb,103.0,0.33799999999999997,0.78,us,us7000fxjw,2021-11-28 00:24:58.040000+00:00,"57 km SE of Longaví, Chile",earthquake,7.2,1.9,0.233,6.0,reviewed,us,us
2021-11-27 20:36:39.554000+00:00,-9.3079,148.1673,10.0,5.3,mb,18.0,6.4479999999999995,1.06,us,us7000fxjx,2021-11-28 04:09:44.782000+00:00,"60 km S of Popondetta, Papua New Guinea",earthquake,7.8,1.7,0.048,145.0,reviewed,us,us
2021-11-27 19:40:22.970000+00:00,-28.1024,-64.5012,10.0,4.3,mb,55.0,4.3,0.51,us,us7000fxjk,2021-11-28 16:08:07.529000+00:00,"41 km SW of Santiago del Estero, Argentina",earthquake,6.2,1.8,0.17800000000000002,9.0,reviewed,us,us
2021-11-27 19:31:56.679000+00:00,-38.8677,-73.5544,20.43,4.4,mwr,139.0,1.016,0.82,us,us7000fxjr,2021-11-27 23:37:59.040000+00:00,"38 km WSW of Carahue, Chile",earthquake,2.4,5.4,0.065,23.0,reviewed,us,us
2021-11-27 19:28:59.319000+00:00,-38.8213,-73.5757,27.37,4.6,mwr,139.0,1.063,0.58,us,us7000fxji,2021-11-28 00:00:18.828000+00:00,"38 km WSW of Carahue, Chile",earthquake,4.5,5.0,0.047,44.0,reviewed,us,us
2021-11-27 18:48:07.653000+00:00,-7.0176,155.9081,52.36,5.3,mww,41.0,4.665,0.98,us,us7000fxj5,2021-11-29 16:17:13.373000+00:00,"90 km SSE of Panguna, Papua New Guinea",earthquake,7.7,3.3,0.073,18.0,reviewed,us,us
2021-11-27 18:42:48.989000+00:00,-10.7097,165.7956,35.0,4.6,mb,101.0,4.904,0.53,us,us7000fxjb,2021-11-27 20:03:02.040000+00:00,"1 km N of Lata, Solomon Islands",earthquake,7.6,2.0,0.095,33.0,reviewed,us,us
2021-11-27 18:24:17.312000+00:00,48.8539,155.3874,47.86,4.6,mb,131.0,4.503,0.64,us,us7000fxj6,2021-11-27 19:48:49.040000+00:00,"209 km SSW of Severo-Kuril’sk, Russia",earthquake,9.8,4.4,0.073,56.0,reviewed,us,us
2021-11-27 17:36:00.736000+00:00,61.2491,-139.4787,3.7,3.0,ml,,,0.99,ak,ak021f7p7yjm,2021-11-27 18:03:15.965000+00:00,"120 km WNW of Haines Junction, Canada",earthquake,,0.3,,,reviewed,ak,ak
2021-11-27 17:06:43.990000+00:00,17.9705,-66.8535,17.0,3.02,md,166.0,0.0261,0.19,pr,pr2021331006,2021-11-29 10:11:19.276000+00:00,"3 km ESE of Maria Antonia, Puerto Rico",earthquake,0.48,0.36,0.17,12.0,reviewed,pr,pr
2021-11-27 17:03:28.990000+00:00,18.8471,-68.2695,101.0,3.27,md,198.0,1.4325,0.49,pr,pr2021331005,2021-11-27 17:21:43.477000+00:00,"32 km NNE of Punta Cana, Dominican Republic",earthquake,6.62,5.18,0.03,3.0,reviewed,pr,pr
2021-11-27 16:01:11.280000+00:00,19.1605,-155.5046667,37.25,2.93,ml,114.0,,0.12,hv,hv72813692,2021-11-30 00:17:49.545000+00:00,"5 km SSW of P?hala, Hawaii",earthquake,0.47,0.55,0.145836308,37.0,reviewed,hv,hv
2021-11-27 15:35:34.011000+00:00,28.48480225,-100.2976792,4.13285319,3.2,ml,81.0,0.017621678,0.3,tx,tx2021xgcw,2021-11-27 16:27:36.040000+00:00,"3 km SSE of El Indio, Texas",earthquake,2.815857387,1.5476960990000002,0.2,6.0,reviewed,tx,tx
2021-11-27 14:12:30.130000+00:00,34.2285,-116.75083329999998,7.6,2.57,ml,39.0,0.1351,0.12,ci,ci39871631,2021-12-01 14:55:53.353000+00:00,"9km ESE of Big Bear City, CA",earthquake,0.1,0.39,0.2,24.0,reviewed,ci,ci
2021-11-27 13:25:10.080000+00:00,19.1183,-66.372,28.0,3.48,md,259.0,0.6603,0.24,pr,pr2021331004,2021-11-27 14:42:22.429000+00:00,"72 km N of Brenas, Puerto Rico",earthquake,0.95,8.62,0.09,14.0,reviewed,pr,pr
2021-11-27 13:01:53.193000+00:00,62.7805,-150.4612,90.4,2.8,ml,,,0.58,ak,ak021f7mmu2v,2021-11-27 14:46:11.040000+00:00,"35 km NNE of Petersville, Alaska",earthquake,,0.5,,,automatic,ak,ak
2021-11-27 11:10:30.220000+00:00,17.8631,-66.8935,14.0,3.29,md,219.0,0.1129,0.16,pr,pr2021331002,2021-11-27 12:17:05.278000+00:00,"12 km S of Guánica, Puerto Rico",earthquake,0.64,0.98,0.12,20.0,reviewed,pr,pr
2021-11-27 11:03:45.070000+00:00,17.8341,-66.8511,8.0,2.76,md,257.0,0.1438,0.11,pr,pr2021331003,2021-11-27 12:20:45.534000+00:00,"16 km SSE of Guánica, Puerto Rico",earthquake,0.65,1.46,0.04,7.0,reviewed,pr,pr
2021-11-27 11:00:06.940000+00:00,41.1008333,-125.29700000000001,24.71,3.24,ml,251.0,0.9295,0.2,nc,nc73658620,2021-12-01 03:40:10.023000+00:00,"97km W of Trinidad, CA",earthquake,1.39,14.53,0.209,20.0,reviewed,nc,nc
2021-11-27 10:30:34.080000+00:00,17.9625,-66.7875,18.0,2.6,md,166.0,0.0926,0.09,pr,pr2021331001,2021-11-27 10:49:20.222000+00:00,"4 km SE of Indios, Puerto Rico",earthquake,0.42,0.7,0.14,6.0,reviewed,pr,pr
2021-11-27 10:11:19.188000+00:00,-59.4627,-25.7274,41.72,4.9,mb,71.0,9.574,0.47,us,us7000fxgp,2021-11-27 10:40:22.040000+00:00,South Sandwich Islands region,earthquake,6.3,8.7,0.075,55.0,reviewed,us,us
2021-11-27 07:55:59.610000+00:00,19.22066689,-155.4196625,2.170000076,2.61,ml,197.0,,0.370000005,hv,hv72813297,2021-11-27 08:02:28.730000+00:00,"6 km ENE of P?hala, Hawaii",earthquake,1.91,20.229999499999998,0.09,4.0,automatic,hv,hv
2021-11-27 07:55:53.400000+00:00,19.21533333,-155.4211667,33.68,2.77,ml,139.0,,0.12,hv,hv72813302,2021-11-29 23:31:05.680000+00:00,"6 km ENE of P?hala, Hawaii",earthquake,0.47,0.52,0.159326782,36.0,reviewed,hv,hv
2021-11-27 07:35:29.560000+00:00,41.1001667,-125.25733329999998,24.44,4.05,mw,240.0,0.838,0.21,nc,nc73658540,2021-12-01 00:13:11.758000+00:00,"94km W of Trinidad, CA",earthquake,1.02,13.79,,5.0,reviewed,nc,nc
2021-11-27 06:18:34.790000+00:00,59.6538,-152.6945,98.3,2.6,ml,,,0.61,ak,ak021f7ikemf,2021-11-27 06:32:23.829000+00:00,"50 km WSW of Anchor Point, Alaska",earthquake,,0.4,,,automatic,ak,ak
2021-11-27 06:01:52.992000+00:00,4.7268,126.26799999999999,75.18,5.2,mww,80.0,2.426,0.8,us,us7000fxf8,2021-11-27 07:28:21.067000+00:00,"116 km SE of Sarangani, Philippines",earthquake,7.9,5.8,0.075,17.0,reviewed,us,us
2021-11-27 05:25:15.848000+00:00,-24.3024,-67.2565,179.59,4.7,mb,66.0,1.588,0.65,us,us7000fxev,2021-11-27 05:43:19.040000+00:00,"95 km W of San Antonio de los Cobres, Argentina",earthquake,3.7,10.3,0.184,10.0,reviewed,us,us
2021-11-27 05:18:46.790000+00:00,45.306000000000004,-123.96533329999998,14.97,2.53,ml,170.0,0.1006,0.22,uw,uw61800711,2021-11-27 17:29:59.400000+00:00,"11 km WNW of Beaver, Oregon",earthquake,0.37,0.86,0.134320401,7.0,reviewed,uw,uw
2021-11-27 05:14:10.831000+00:00,34.1054,26.1749,21.0,4.4,mb,116.0,1.651,0.58,us,us7000fxep,2021-11-27 07:00:15.040000+00:00,"108 km SSE of Ierápetra, Greece",earthquake,7.4,5.9,0.091,35.0,reviewed,us,us
2021-11-27 05:04:52.420000+00:00,19.18333333,-155.4776667,35.15,2.76,md,80.0,,0.1,hv,hv72813147,2021-11-30 02:38:55.130000+00:00,"2 km S of P?hala, Hawaii",earthquake,0.44,0.55,0.125341111,21.0,reviewed,hv,hv
2021-11-27 04:06:05.955000+00:00,-22.1967,-68.8298,130.89,4.5,mb,42.0,0.853,0.55,us,us7000fxea,2021-11-27 04:24:48.040000+00:00,"30 km NNE of Calama, Chile",earthquake,5.4,6.6,0.157,12.0,reviewed,us,us
2021-11-27 03:45:51.331000+00:00,-6.3019,154.8132,51.02,5.4,mww,18.0,3.37,0.72,us,us7000fxe4,2021-11-28 03:48:28.807000+00:00,"74 km W of Panguna, Papua New Guinea",earthquake,7.8,6.1,0.071,19.0,reviewed,us,us
2021-11-27 03:41:50.321000+00:00,31.66503586,-104.3727478,7.699755859,3.0,ml,61.0,0.109203544,0.3,tx,tx2021xffi,2021-11-27 03:53:56.346000+00:00,"56 km S of Whites City, New Mexico",earthquake,1.147149076,1.554008368,0.1,7.0,reviewed,tx,tx
2021-11-27 02:46:37.675000+00:00,31.66135932,-104.3727157,6.979931641,2.9,ml,62.0,0.109415217,0.3,tx,tx2021xfdn,2021-11-27 02:59:39.010000+00:00,"57 km S of Whites City, New Mexico",earthquake,1.354580629,1.606322539,0.1,8.0,reviewed,tx,tx
2021-11-27 02:37:44.896000+00:00,36.4924,70.155,219.88,4.0,mb,103.0,0.716,1.01,us,us7000fxdp,2021-11-27 02:48:43.040000+00:00,"28 km ESE of Farkh?r, Afghanistan",earthquake,9.0,6.2,0.231,5.0,reviewed,us,us
2021-11-27 01:46:45.875000+00:00,-14.8791,-72.0283,107.68,4.2,mb,123.0,3.64,1.03,us,us7000fxdg,2021-11-27 02:10:14.040000+00:00,"22 km S of Cayarani, Peru",earthquake,4.9,14.0,0.159,11.0,reviewed,us,us
2021-11-27 01:44:03.031000+00:00,-5.6743,151.4818,37.47,5.3,mww,60.0,1.6219999999999999,0.63,us,us7000fxdh,2021-11-27 02:01:34.040000+00:00,"149 km E of Kimbe, Papua New Guinea",earthquake,8.2,6.9,0.078,16.0,reviewed,us,us
2021-11-27 00:44:35.677000+00:00,31.61307522,-104.25958990000001,8.136791992000001,2.7,ml,119.0,0.165194191,0.3,tx,tx2021xezm,2021-11-30 16:06:01.208000+00:00,"55 km NW of Toyah, Texas",earthquake,0.7887052640000001,1.404043724,0.2,25.0,reviewed,tx,tx
2021-11-26 23:17:46.100000+00:00,19.18266667,-155.4781667,34.88,2.82,ml,78.0,,0.11,hv,hv72812837,2021-11-30 05:46:25.040000+00:00,"2 km S of P?hala, Hawaii",earthquake,0.42,0.51,0.145513333,23.0,reviewed,hv,hv
2021-11-26 23:16:24.710000+00:00,19.180999999999997,-155.47299999999998,36.04,2.92,ml,86.0,,0.1,hv,hv72812832,2021-11-30 05:29:53.040000+00:00,"2 km SSE of P?hala, Hawaii",earthquake,0.41,0.51,0.142176381,37.0,reviewed,hv,hv
2021-11-26 23:04:31.246000+00:00,31.60963569,-104.2582193,7.288427734,3.2,ml,58.0,0.168811116,0.3,tx,tx2021xewe,2021-11-26 23:30:18.040000+00:00,"54 km NW of Toyah, Texas",earthquake,1.49720546,1.870163597,0.1,6.0,reviewed,tx,tx
2021-11-26 22:24:10.568000+00:00,31.61170232,-104.2585037,7.10847168,2.7,ml,70.0,0.166738017,0.3,tx,tx2021xeuv,2021-11-30 15:22:32.777000+00:00,"55 km NW of Toyah, Texas",earthquake,0.847847275,1.505148776,0.2,29.0,reviewed,tx,tx
2021-11-26 22:01:58.580000+00:00,18.0215,-67.9641,38.0,3.56,md,229.0,0.6057,0.32,pr,pr2021330012,2021-11-30 05:23:01.040000+00:00,"77 km SE of Punta Cana, Dominican Republic",earthquake,1.98,5.66,0.06,10.0,reviewed,pr,pr
2021-11-26 21:57:03.635000+00:00,59.9454,-152.539,90.2,2.6,ml,,,0.61,ak,ak021f646uml,2021-11-26 22:44:13.040000+00:00,"43 km WNW of Anchor Point, Alaska",earthquake,,0.3,,,automatic,ak,ak
2021-11-26 21:48:35.449000+00:00,-6.6254,-75.8385,109.67,5.1,mb,67.0,3.2969999999999997,0.7,us,us7000fxc8,2021-11-27 15:13:06.459000+00:00,"33 km E of Chazuta, Peru",earthquake,7.7,5.8,0.024,546.0,reviewed,us,us
2021-11-26 21:08:07.570000+00:00,17.9706,-66.7883,18.0,2.75,md,162.0,0.091,0.14,pr,pr2021330011,2021-11-26 21:39:05.449000+00:00,"4 km SE of Indios, Puerto Rico",earthquake,0.38,0.39,0.29,6.0,reviewed,pr,pr
2021-11-26 19:56:44.670000+00:00,18.0025,-66.7285,11.0,2.82,md,140.0,0.1287,0.11,pr,pr2021330010,2021-11-26 20:14:48.993000+00:00,"1 km WNW of Tallaboa, Puerto Rico",earthquake,0.35,0.34,0.09,12.0,reviewed,pr,pr
2021-11-26 19:29:40.808000+00:00,54.2008,-35.059,10.0,4.7,mb,71.0,8.904,0.53,us,us7000fxbp,2021-11-26 20:30:57.040000+00:00,Reykjanes Ridge,earthquake,9.6,1.9,0.039,204.0,reviewed,us,us
2021-11-26 18:35:19.093000+00:00,-15.0396,-173.2736,10.0,5.3,mb,63.0,1.83,0.85,us,us7000fxbg,2021-11-27 00:14:08.968000+00:00,"115 km NNE of Hihifo, Tonga",earthquake,10.2,1.8,0.073,64.0,reviewed,us,us
2021-11-26 18:33:08.550000+00:00,-15.1046,-173.0216,10.0,5.3,mww,66.0,1.689,1.34,us,us7000fxb8,2021-11-27 00:07:41.915000+00:00,"125 km NE of Hihifo, Tonga",earthquake,6.6,1.8,0.098,10.0,reviewed,us,us
2021-11-26 18:27:52.100000+00:00,37.4983333,-118.85516670000001,4.19,2.77,md,74.0,0.09385,0.04,nc,nc73658195,2021-11-26 23:41:11.422000+00:00,"17km WSW of Toms Place, CA",earthquake,0.45,1.4,0.162,38.0,reviewed,nc,nc
2021-11-26 17:45:05.490000+00:00,37.4991684,-118.8560028,3.86,2.67,md,144.0,0.09318,0.02,nc,nc73658180,2021-11-26 20:01:10.789000+00:00,"17km WSW of Toms Place, CA",earthquake,0.3,1.24,0.2,30.0,automatic,nc,nc
2021-11-26 16:03:20.180000+00:00,19.2895,-65.1528,31.0,3.7,md,309.0,0.9905,0.39,pr,pr2021330013,2021-11-27 08:33:30.343000+00:00,"107 km NNW of Charlotte Amalie, U.S. Virgin Islands",earthquake,3.04,23.64,0.14,12.0,reviewed,pr,pr
2021-11-26 15:47:45.409000+00:00,10.1861,126.2369,49.04,4.7,mb,108.0,3.1639999999999997,1.04,us,us7000fx8r,2021-11-26 16:23:54.040000+00:00,"28 km NE of Santa Monica, Philippines",earthquake,9.1,5.7,0.075,54.0,reviewed,us,us
2021-11-26 15:30:39.418000+00:00,-4.4787,125.4141,411.32,4.0,mb,93.0,5.197,0.88,us,us7000fx8p,2021-11-26 20:42:20.040000+00:00,Banda Sea,earthquake,12.7,10.6,0.106,24.0,reviewed,us,us
2021-11-26 14:50:07.267000+00:00,11.0924,126.5123,10.0,4.4,mb,84.0,4.102,0.43,us,us7000fx8i,2021-11-27 07:25:13.040000+00:00,"76 km ENE of Sulangan, Philippines",earthquake,10.1,1.9,0.094,34.0,reviewed,us,us
2021-11-26 13:51:08.135000+00:00,-8.164,119.618,167.45,4.3,mb,67.0,2.633,0.69,us,us7000fx8a,2021-11-27 07:13:37.040000+00:00,"47 km NW of Labuan Bajo, Indonesia",earthquake,3.4,9.5,0.16,12.0,reviewed,us,us
2021-11-26 13:47:26.270000+00:00,19.14516667,-155.50316669999998,34.33,2.73,ml,143.0,,0.1,hv,hv72812377,2021-11-27 01:25:26.640000+00:00,"6 km SSW of P?hala, Hawaii",earthquake,0.43,0.49,0.173238463,28.0,reviewed,hv,hv
2021-11-26 13:39:38.070000+00:00,37.852,-112.53816670000002,7.37,2.8,ml,96.0,0.4424,0.18,uu,uu60469717,2021-11-26 16:07:36.888000+00:00,"9 km WNW of Panguitch, Utah",earthquake,0.43,0.89,0.127,14.0,reviewed,uu,uu
2021-11-26 13:24:45.651000+00:00,31.60362908,-104.26409140000001,6.414355469,3.4,ml,59.0,0.17370166199999998,0.3,tx,tx2021xedc,2021-11-27 13:28:33.953000+00:00,"55 km NW of Toyah, Texas",earthquake,1.2324281990000001,1.882571896,0.1,7.0,reviewed,tx,tx
2021-11-26 12:55:01.350000+00:00,17.9678,-66.7816,15.0,2.85,md,163.0,0.0979,0.23,pr,pr2021330009,2021-11-26 19:45:05.833000+00:00,"4 km SE of Indios, Puerto Rico",earthquake,0.44,0.43,0.18,9.0,reviewed,pr,pr
2021-11-26 12:12:08.789000+00:00,7.3494,-75.2675,64.94,4.3,mb,89.0,1.179,0.56,us,us7000fx7u,2021-11-26 12:29:38.067000+00:00,"15 km ENE of Valdivia, Colombia",earthquake,7.8,10.6,0.055,96.0,reviewed,us,us
2021-11-26 12:03:32.102000+00:00,31.6435,-104.5979,4.49,2.6,ml,74.0,0.086,0.27,us,us7000fx7r,2021-11-26 12:12:05.040000+00:00,"62 km SSW of Whites City, New Mexico",earthquake,1.3,3.0,0.048,56.0,reviewed,us,us
2021-11-26 11:46:00.408000+00:00,68.0478,-156.7649,0.0,2.5,ml,,,1.23,ak,ak021f5y65kg,2021-11-26 12:23:27.479000+00:00,"116 km NNE of Ambler, Alaska",earthquake,,0.3,,,automatic,ak,ak
2021-11-26 11:16:46.690000+00:00,17.8923,-66.9731,12.0,2.78,md,246.0,0.1252,0.11,pr,pr2021330007,2021-11-26 11:30:27.675000+00:00,"11 km SW of Guánica, Puerto Rico",earthquake,0.64,0.42,0.23,5.0,reviewed,pr,pr
2021-11-26 10:47:08.502000+00:00,-23.4188,-179.7439,537.66,4.0,mb,125.0,6.01,0.28,us,us7000fx7c,2021-12-01 09:51:44.040000+00:00,south of the Fiji Islands,earthquake,14.8,14.2,0.126,17.0,reviewed,us,us
2021-11-26 09:20:00.600000+00:00,18.2091,-67.623,4.0,3.17,md,287.0,0.2268,0.45,pr,pr2021330006,2021-11-26 09:44:13.140000+00:00,"41 km WSW of Stella, Puerto Rico",earthquake,2.21,1.79,0.06,3.0,reviewed,pr,pr
2021-11-26 09:12:40.670000+00:00,19.189,-155.3856667,44.87,3.16,md,178.0,,0.21,hv,hv72812152,2021-12-01 09:25:14.040000+00:00,"9 km E of P?hala, Hawaii",earthquake,0.87,0.76,0.119036037,13.0,reviewed,hv,hv
2021-11-26 09:12:03.640000+00:00,19.11116667,-155.41166669999998,43.49,2.53,md,186.0,,0.11,hv,hv72812147,2021-12-01 08:19:28.040000+00:00,"12 km SE of P?hala, Hawaii",earthquake,0.61,0.66,0.14592957,13.0,reviewed,hv,hv
2021-11-26 08:02:08.120000+00:00,18.6401,-68.8386,111.0,3.36,md,161.0,0.4743,0.18,pr,pr2021330005,2021-11-26 08:34:33.440000+00:00,"14 km WNW of Salvaleón de Higüey, Dominican Republic",earthquake,2.6,1.33,0.53,3.0,reviewed,pr,pr
2021-11-26 07:36:42.397000+00:00,-18.8404,-177.5494,598.01,4.4,mb,72.0,4.317,0.65,us,us7000fx6k,2021-11-26 07:55:27.040000+00:00,Fiji region,earthquake,15.5,11.7,0.098,30.0,reviewed,us,us
2021-11-26 07:33:24.900000+00:00,17.9303,-66.9016,11.0,2.53,md,191.0,0.0501,0.16,pr,pr2021330004,2021-11-26 07:47:54.924000+00:00,Puerto Rico region,earthquake,0.45,0.48,0.04,9.0,reviewed,pr,pr
2021-11-26 07:14:04.305000+00:00,29.0063,142.3645,10.0,5.7,mww,63.0,4.643,1.29,us,us7000fx6f,2021-11-27 07:19:39.642000+00:00,"Izu Islands, Japan region",earthquake,8.6,1.8,0.08,15.0,reviewed,us,us
2021-11-26 05:28:29.580000+00:00,37.498500799999995,-118.8521652,4.41,2.96,ml,114.0,0.1206,0.04,nc,nc73657915,2021-11-27 02:37:08.658000+00:00,"17km WSW of Toms Place, CA",earthquake,0.32,1.7,0.34600000000000003,27.0,automatic,nc,nc
2021-11-26 04:13:21.603000+00:00,-21.4277,174.4767,520.5,5.8,mww,38.0,4.978,0.87,us,us7000fx5p,2021-11-26 04:31:43.040000+00:00,Vanuatu region,earthquake,9.5,6.6,0.066,22.0,reviewed,us,us
2021-11-26 03:20:30.295000+00:00,6.8674,-72.9964,152.33,4.4,mb,35.0,0.972,1.28,us,us7000fx5d,2021-11-26 03:34:44.040000+00:00,northern Colombia,earthquake,8.2,7.8,0.09300000000000001,33.0,reviewed,us,us
2021-11-26 03:05:39.120000+00:00,19.20733333,-155.40466669999998,33.08,2.92,ml,154.0,,0.12,hv,hv72811887,2021-11-26 22:20:46.280000+00:00,"7 km E of P?hala, Hawaii",earthquake,0.44,0.49,0.19954139199999998,40.0,reviewed,hv,hv
2021-11-26 03:00:25.280000+00:00,18.614,-68.8171,113.0,3.96,md,173.0,0.447,0.22,pr,pr2021330001,2021-11-26 04:50:37.773000+00:00,"11 km W of Salvaleón de Higüey, Dominican Republic",earthquake,3.05,1.73,0.07,6.0,reviewed,pr,pr
2021-11-26 02:16:25.820000+00:00,61.2354,-146.822,14.3,2.8,ml,,,0.74,ak,ak021f5smvlu,2021-11-26 02:28:03.040000+00:00,"28 km WNW of Valdez, Alaska",earthquake,,0.2,,,automatic,ak,ak
2021-11-26 01:33:53.884000+00:00,-18.5897,-177.6803,627.6,4.4,mb,148.0,4.1419999999999995,0.7,us,us6000g87n,2021-12-02 02:15:53.040000+00:00,Fiji region,earthquake,13.3,7.9,0.17,13.0,reviewed,us,us
2021-11-26 01:12:24.150000+00:00,18.1978,-68.1653,78.0,3.5,md,169.0,0.3829,0.29,pr,pr2021330000,2021-11-26 01:45:46.860000+00:00,"49 km SSE of Punta Cana, Dominican Republic",earthquake,1.87,1.38,0.09,5.0,reviewed,pr,pr
2021-11-25 23:45:41.750000+00:00,22.81,93.5248,42.45,6.2,mww,21.0,3.842,0.83,us,us7000fx45,2021-12-01 21:58:17.864000+00:00,"19 km SW of Falam, Myanmar",earthquake,8.3,3.8,0.08,15.0,reviewed,us,us
2021-11-25 22:50:10.374000+00:00,30.2838,-113.7523,10.0,4.5,mb,147.0,1.208,0.56,us,us7000fx3w,2021-11-26 01:16:21.040000+00:00,"110 km WNW of La Libertad, Mexico",earthquake,6.4,2.0,0.046,143.0,reviewed,us,us
2021-11-25 21:57:10.780000+00:00,37.4981651,-118.85299679999999,4.36,2.85,ml,74.0,0.09365,0.05,nc,nc73657750,2021-11-26 05:49:53.404000+00:00,"17km WSW of Toms Place, CA",earthquake,0.37,1.3,0.34299999999999997,25.0,automatic,nc,nc
2021-11-25 21:42:38.742000+00:00,-29.5322,-179.1727,344.93,4.4,mb,96.0,1.125,1.21,us,us7000fx3l,2021-11-27 23:34:54.040000+00:00,Kermadec Islands region,earthquake,8.3,6.9,0.092,34.0,reviewed,us,us
2021-11-25 20:42:15.147000+00:00,29.8519,-113.8255,10.0,4.4,mb,199.0,1.476,0.67,us,us7000fx39,2021-11-25 21:22:17.040000+00:00,"109 km W of La Libertad, Mexico",earthquake,7.4,1.9,0.092,36.0,reviewed,us,us
2021-11-25 20:22:49.208000+00:00,-6.1122,149.1116,64.2,4.5,mb,55.0,3.589,1.21,us,us7000fx37,2021-12-01 22:02:36.040000+00:00,"49 km WNW of Kandrian, Papua New Guinea",earthquake,11.4,6.4,0.08900000000000001,40.0,reviewed,us,us
2021-11-25 19:01:30.172000+00:00,15.6072,-96.6106,10.0,4.3,mb,131.0,2.701,0.81,us,us7000fx2y,2021-11-30 23:40:21.170000+00:00,"14 km WSW of Puerto Ángel, Mexico",earthquake,8.5,1.9,0.055999999999999994,94.0,reviewed,us,us
2021-11-25 18:50:08.560000+00:00,19.057000000000002,-66.4006,46.0,3.36,md,324.0,0.594,0.14,pr,pr2021329012,2021-11-25 19:31:44.351000+00:00,"65 km N of Brenas, Puerto Rico",earthquake,1.47,2.84,0.04,4.0,reviewed,pr,pr
2021-11-25 17:34:15.750000+00:00,19.1171,-66.4108,29.0,3.34,md,251.0,0.6509,0.33,pr,pr2021329011,2021-11-30 22:38:17.040000+00:00,"72 km N of Brenas, Puerto Rico",earthquake,1.2,9.02,0.09,13.0,reviewed,pr,pr
2021-11-25 17:31:50.693000+00:00,-10.7481,166.3259,36.02,4.3,mb,151.0,4.748,1.2,us,us6000g7y7,2021-11-30 22:34:51.040000+00:00,"57 km E of Lata, Solomon Islands",earthquake,13.1,11.1,0.265,4.0,reviewed,us,us
2021-11-25 17:10:47.408000+00:00,3.9958,126.5568,72.32,4.3,mb,134.0,3.205,0.68,us,us6000g7y6,2021-11-30 22:22:52.040000+00:00,"197 km SE of Sarangani, Philippines",earthquake,5.6,8.5,0.126,18.0,reviewed,us,us
2021-11-25 16:49:32.041000+00:00,51.0334,175.1081,10.0,3.2,ml,259.0,1.81,0.44,us,us7000fx2g,2021-11-25 21:15:49.040000+00:00,"241 km SSE of Attu Station, Alaska",earthquake,8.2,2.0,0.09699999999999999,14.0,reviewed,us,us
2021-11-25 16:23:15.120000+00:00,17.9513,-66.8351,14.0,2.53,md,209.0,0.0501,0.2,pr,pr2021329010,2021-11-25 16:33:00.344000+00:00,"5 km SSW of Indios, Puerto Rico",earthquake,1.06,0.79,0.35,5.0,reviewed,pr,pr
2021-11-25 14:15:22.954000+00:00,-10.3806,166.7108,36.29,4.4,mb,91.0,5.058,0.54,us,us7000fx0s,2021-11-25 17:39:14.040000+00:00,"107 km ENE of Lata, Solomon Islands",earthquake,10.2,9.1,0.13,18.0,reviewed,us,us
2021-11-25 14:06:53.042000+00:00,-17.9411,-178.3796,615.06,4.4,mb,90.0,3.403,0.96,us,us7000fx0n,2021-11-25 14:26:36.040000+00:00,"244 km E of Levuka, Fiji",earthquake,12.2,9.3,0.040999999999999995,172.0,reviewed,us,us
2021-11-25 14:06:42.950000+00:00,19.32466667,-155.2016667,6.55,3.49,ml,114.0,,0.1,hv,hv72811222,2021-11-27 17:25:10.793000+00:00,"13 km SSE of Volcano, Hawaii",earthquake,0.22,0.3,0.156499199,39.0,reviewed,hv,hv
2021-11-25 13:44:25.614000+00:00,-10.9818,166.2622,58.38,4.7,mb,76.0,4.532,1.04,us,us7000fx0g,2021-12-01 21:51:53.338000+00:00,"58 km ESE of Lata, Solomon Islands",earthquake,9.1,6.8,0.11,26.0,reviewed,us,us
2021-11-25 12:39:43.439000+00:00,-10.8856,166.5019,29.37,4.9,mb,122.0,4.585,1.07,us,us7000fx0q,2021-11-26 13:03:35.040000+00:00,"79 km ESE of Lata, Solomon Islands",earthquake,11.4,6.6,0.106,28.0,reviewed,us,us
2021-11-25 12:04:10.050000+00:00,-10.7464,166.4849,39.91,6.0,mww,42.0,4.724,1.2,us,us7000fwzz,2021-12-01 21:54:14.913000+00:00,"75 km E of Lata, Solomon Islands",earthquake,8.5,6.6,0.098,10.0,reviewed,us,us
2021-11-25 10:54:38.410000+00:00,19.22516667,-155.4161667,33.94,2.72,ml,136.0,,0.13,hv,hv72811042,2021-11-27 02:13:11.730000+00:00,"7 km ENE of P?hala, Hawaii",earthquake,0.44,0.48,0.204773562,30.0,reviewed,hv,hv
2021-11-25 10:22:13.150000+00:00,17.9611,-66.7883,16.0,3.12,md,166.0,0.092,0.2,pr,pr2021329009,2021-11-25 12:57:11.113000+00:00,"4 km SE of Indios, Puerto Rico",earthquake,0.38,0.37,0.15,10.0,reviewed,pr,pr
2021-11-25 10:10:05.490000+00:00,40.2540016,-124.1473312,11.82,2.68,md,113.0,0.0187,0.07,nc,nc73657510,2021-11-25 16:47:23.943000+00:00,"14km SE of Petrolia, CA",earthquake,0.37,0.58,0.12,11.0,automatic,nc,nc
2021-11-25 08:10:08.360000+00:00,17.96,-67.0298,6.0,2.68,md,204.0,0.0172,0.13,pr,pr2021329007,2021-11-25 08:53:32.580000+00:00,"2 km SE of La Parguera, Puerto Rico",earthquake,0.39,0.17,0.08,5.0,reviewed,pr,pr
2021-11-25 06:55:13.188000+00:00,-6.295,128.4381,336.34,4.3,mb,82.0,3.2960000000000003,0.49,us,us7000fwyy,2021-11-25 07:15:05.040000+00:00,"288 km S of Ambon, Indonesia",earthquake,7.5,11.8,0.129,17.0,reviewed,us,us
2021-11-25 04:56:47.970000+00:00,17.9268,-66.9036,11.0,2.88,md,192.0,0.0541,0.19,pr,pr2021329004,2021-11-25 05:24:54.874000+00:00,"4 km S of Guánica, Puerto Rico",earthquake,0.43,0.37,0.19,10.0,reviewed,pr,pr
2021-11-25 04:31:08.810000+00:00,17.9026,-67.1441,3.0,2.61,md,254.0,0.1094,0.13,pr,pr2021329003,2021-11-25 05:02:06.306000+00:00,"9 km SSE of Pole Ojea, Puerto Rico",earthquake,0.39,0.31,0.12,4.0,reviewed,pr,pr
2021-11-25 04:25:08.880000+00:00,18.1433,-68.0785,88.0,3.7,md,176.0,0.4786,0.44,pr,pr2021329002,2021-11-29 04:17:59.040000+00:00,"59 km SE of Punta Cana, Dominican Republic",earthquake,2.41,1.6,0.14,19.0,reviewed,pr,pr
2021-11-25 03:56:01.601000+00:00,3.2634,124.1113,381.25,4.7,mb,62.0,3.9539999999999997,0.8,us,us7000fwxt,2021-11-29 04:05:11.040000+00:00,"213 km NNW of Manado, Indonesia",earthquake,7.9,6.1,0.052000000000000005,110.0,reviewed,us,us
2021-11-25 03:24:27.097000+00:00,-57.9577,-25.7053,54.37,5.0,mb,49.0,10.101,0.89,us,us7000fwxn,2021-11-29 03:31:00.040000+00:00,,earthquake,10.5,5.3,0.07200000000000001,61.0,reviewed,us,us
2021-11-25 03:18:30.824000+00:00,-32.7207,-70.1827,113.17,4.0,mb,109.0,0.313,0.44,us,us7000fwxm,2021-11-29 03:14:45.040000+00:00,"40 km ENE of Los Andes, Chile",earthquake,2.7,8.1,0.298,3.0,reviewed,us,us
2021-11-25 02:54:58.233000+00:00,-12.0654,-75.3961,89.25,4.1,mb,111.0,1.416,0.95,us,us7000fwxh,2021-11-29 00:23:42.040000+00:00,"4 km SSW of Chambara, Peru",earthquake,6.7,10.1,0.175,9.0,reviewed,us,us
2021-11-25 02:45:39.360000+00:00,18.184,-67.5521,6.0,2.58,md,269.0,0.2133,0.24,pr,pr2021329001,2021-11-25 03:12:22.187000+00:00,"35 km WSW of Stella, Puerto Rico",earthquake,1.6,1.29,0.15,3.0,reviewed,pr,pr
2021-11-25 01:56:20.080000+00:00,18.2595,-66.1065,19.0,2.67,md,84.0,0.0545,0.2,pr,pr2021329000,2021-11-25 02:37:02.643000+00:00,"0 km NW of Aguas Buenas, Puerto Rico",earthquake,0.42,0.34,0.14,3.0,reviewed,pr,pr
2021-11-25 01:53:34.360000+00:00,62.0534,-148.4569,13.5,2.8,ml,,,0.87,ak,ak021f44q1pb,2021-11-28 23:59:15.040000+00:00,"28 km N of Chickaloon, Alaska",earthquake,,0.3,,,automatic,ak,ak
2021-11-25 01:36:52.200000+00:00,14.8942,52.3565,10.0,4.5,mb,159.0,9.844,0.91,us,us7000fwxc,2021-11-28 23:28:54.040000+00:00,"146 km S of Al Ghayz?ah, Yemen",earthquake,13.2,1.9,0.11,24.0,reviewed,us,us
2021-11-25 01:25:11.090000+00:00,14.7334,52.2659,10.0,4.6,mb,98.0,9.71,0.89,us,us7000fwx3,2021-11-28 23:21:59.040000+00:00,"163 km S of Al Ghayz?ah, Yemen",earthquake,11.1,1.9,0.105,27.0,reviewed,us,us
